Hostname;Architecture;Hostgroup;Product;Version;Discipline;Platform;Environment;Country;IP;OS;Creation date;Storage;Flavour;Description
cfm2bor01;physical;crblc01;oraclerac;original;datasql;mx-live;ora;CR;10.55.254.11;rhel-8.4;2023/04/24 - 19:49 CEST;;-;Oracle Rac Fisico
cfm2bor02;physical;crblc01;oraclerac;original;datasql;mx-live;ora;CR;10.55.254.12;rhel-8.4;2023/04/24 - 20:27 CEST;;-;Oracle Rac Fisico
cfm2bor03;physical;mxblc02;oraclerac;original;datasql;mx-live;ora;MX;10.55.254.17;rhel-8.4;2023/03/17 - 05:38 CEST;;-;Oracle Rac Fisico
cfm2bor04;physical;mxblc02;oraclerac;original;datasql;mx-live;ora;MX;10.55.254.18;rhel-8.4;2023/03/22 - 19:24 CEST;;-;Oracle Rac Fisico
cfm2por09;physical;mxlc03;oraclerac;original;datasql;mx-live;ora;MX;10.55.12.49;rhel-8.4;2022/08/15 - 18:12 CEST;;-;Oracle Rac Fisico
cfm2por10;physical;mxlc03;oraclerac;original;datasql;mx-live;ora;MX;10.55.12.72;rhel-8.4;2022/08/02 - 15:25 CEST;;-;Oracle Rac Fisico
cfm2por11;physical;mxlc05;oraclerac;original;datasql;mx-live;ora;MX;10.55.12.53;rhel-8.4;2023/05/03 - 21:31 CEST;;-;Oracle Rac Fisico
cfm2por12;physical;mxlc05;oraclerac;original;datasql;mx-live;ora;MX;10.55.12.73;rhel-8.4;2023/05/03 - 21:54 CEST;;-;Oracle Rac Fisico
cfm2por13;physical;mxlc05;oraclerac;original;datasql;mx-live;ora;MX;10.55.12.77;rhel-8.4;2023/05/03 - 22:19 CEST;;-;Oracle Rac Fisico
cfm2por14;physical;crlc05;oraclerac;original;datasql;mx-live;ora;CR;10.55.12.79;rhel-8.4;2023/10/05 - 21:06 CEST;;-;Oracle Rac Fisico
cfm2por15;physical;crlc05;oraclerac;original;datasql;mx-live;ora;CR;10.55.12.80;rhel-8.4;2023/10/09 - 17:06 CEST;;-;Oracle Rac Fisico
cfm2por16;physical;crlc05;oraclerac;original;datasql;mx-live;ora;CR;10.55.12.85;rhel-8.4;2023/10/06 - 05:46 CEST;;-;Oracle Rac Fisico
cfm2por17;physical;mxlc07;oraclerac;original;datasql;mx-live;ora;MX;10.55.12.11;rhel-8.4;2024/02/22 - 19:42 CEST;;-;Oracle Rac Fisico
cfm2por18;physical;mxlc07;oraclerac;original;datasql;mx-live;ora;MX;10.55.12.47;rhel-8.4;2024/02/22 - 20:09 CEST;;-;Oracle Rac Fisico
cfm2por19;physical;mxlc06;oraclerac;original;datasql;mx-live;ora;MX;10.55.12.84;rhel-8.4;2024/02/09 - 05:51 CEST;;-;Oracle Rac Fisico
cfm2por20;physical;mxlc06;oraclerac;original;datasql;mx-live;ora;MX;10.55.12.50;rhel-8.4;2024/02/09 - 02:27 CEST;;-;Oracle Rac Fisico
cfm2por21;physical;mxlc06;oraclerac;original;datasql;mx-live;ora;MX;10.55.12.96;rhel-8.4;2024/02/15 - 02:15 CEST;;-;Oracle Rac Fisico
cfs1por05;physical;eslc03;oraclerac;original;datasql;es-live;ora;ES;10.51.12.11;rhel-8.4;2022/05/19 - 08:27 CEST;;-;Oracle Rac Fisico
cfs1por06;physical;eslc03;oraclerac;original;datasql;es-live;ora;ES;10.51.12.19;rhel-8.4;2022/05/18 - 14:13 CEST;;-;Oracle Rac Fisico
cfs1por07;physical;eslc03;oraclerac;original;datasql;es-live;ora;ES;10.51.12.25;rhel-8.4;2022/03/31 - 11:36 CEST;;-;Oracle Rac Fisico
cfs1por08;physical;eslc04;oraclerac;original;datasql;es-live;ora;ES;10.51.12.58;rhel-8.4;2024/02/08 - 12:03 CEST;;-;Oracle Rac Fisico
cfs1por09;physical;eslc04;oraclerac;original;datasql;es-live;ora;ES;10.51.12.70;rhel-8.4;2024/02/07 - 15:57 CEST;;-;Oracle Rac Fisico
cfs1por10;physical;eslc04;oraclerac;original;datasql;es-live;ora;ES;10.51.12.68;rhel-8.4;2024/02/08 - 08:13 CEST;;-;Oracle Rac Fisico
cfs3por01;physical;es3lc01;oraclerac;original;datasql;es3-live;ora;ES;10.61.12.11,1.61.2.11;rhel-7.7;2019/02/04 - 12:56 CEST;;-;-
cfs3por02;physical;es3lc01;oraclerac;original;datasql;es3-live;ora;ES;10.61.12.12,1.61.2.12;rhel-7.7;2019/02/04 - 12:56 CEST;;-;-
cfs3por03;physical;es3lc02;oraclerac;original;datasql;es3-live;ora;ES;10.61.12.13;rhel-8.4;2023/11/22 - 12:57 CEST;;-;Oracle Rac Fisico
cfs3por04;physical;es3lc02;oraclerac;original;datasql;es3-live;ora;ES;10.61.12.14;rhel-8.4;2023/11/08 - 09:25 CEST;;-;Oracle Rac Fisico
cfs3por05;physical;es3lc02;oraclerac;original;datasql;es3-live;ora;ES;10.61.12.15;rhel-8.4;2023/11/08 - 10:38 CEST;;-;Oracle Rac Fisico
cva1pas16;aws;eslcp04;postgresql;original;datasql;eucld-live;pro;ES;100.80.44.147;rhel-8.2;2021/11/10 - 13:10 CEST;[10Gb] -[20Gb] -[50Gb] -[50Gb] -;-;Install Postgres DB
cva1pas17;aws;;postgresql;original;datasql;eucld-live;pro;ES;100.80.45.246;rhel-8.2;2021/11/10 - 15:58 CEST;[10Gb] -[20Gb] -[50Gb] -[50Gb] -;-;Install Postgres DB
cva1pas49;aws;;postgresql;original;datasql;eucld-live;pro;ES;100.80.44.199;rhel-8.2;2023/05/24 - 14:55 CEST;[40Gb] -[20Gb] -[50Gb] -[50Gb] -;-;Install Postgres DB
cva1pas67;aws;;postgresql;RH86_Ansible63;datasql;eucld-live;pro;ES;100.80.44.174;rhel-8.6;2024/02/06 - 14:07 CEST;[20Gb] -[50Gb] -[50Gb] -;-;Install Postgres DB
cva1pas68;aws;;postgresql;RH86_Ansible63;datasql;eucld-live;pro;ES;100.80.44.152;rhel-8.6;2024/03/13 - 11:22 CEST;[20Gb] -[50Gb] -[50Gb] -;-;Install Postgres DB
cva1pas69;aws;;postgresql;RH86_Ansible63;datasql;eucld-live;pro;ES;100.80.44.64;rhel-8.6;2024/03/13 - 13:55 CEST;[20Gb] -[50Gb] -[50Gb] -;-;Install Postgres DB
cva1pas92;aws;eslcppz01;postgresql;RH88_Ansible63;datasql;eucld-live;pro;ES;100.80.44.62;rhel-8.8;2024/06/24 - 15:46 CEST;[20Gb] -[50Gb] -[50Gb] -[40Gb] -;-;Install Postgres DB
cva1pas93;aws;eslcp03_aws;postgresql;RH88_Ansible63;datasql;eucld-live;pro;ES;100.80.44.86;rhel-8.8;2024/06/24 - 17:19 CEST;[20Gb] -[50Gb] -[50Gb] -[40Gb] -;-;Install Postgres DB
cva1pas94;aws;;postgresql;RH88_Ansible63;datasql;eucld-live;pro;ES;100.80.44.208;rhel-8.8;2024/06/26 - 16:11 CEST;[20Gb] -[50Gb] -[50Gb] -[40Gb] -;-;Install Postgres DB
cva1vaa01;aws;EULC01;oracvir;RH84_Ansible41;datasql;eucld-live;ora;ES;100.80.44.117;rhel-8.4;2022/11/28 - 13:13 CEST;[10Gb] -[300Gb] -;-;Instalacion Oracle RAC
cva1vaa03;aws;EULC03;oracvir;RH84_Ansible41;datasql;eucld-live;ora;ES;100.80.44.58;rhel-8.4;2023/03/21 - 12:26 CEST;[10Gb] -[300Gb] -;-;Instalacion Oracle RAC
cva1vaa04;aws;EULC02;oracvir;RH84_Ansible41;datasql;eucld-live;ora;ES;100.80.44.125;rhel-8.4;2023/05/09 - 11:35 CEST;[10Gb] -[300Gb] -;-;Instalacion Oracle RAC
cva1vaa05;aws;EULC04;oracvir;RH84_Ansible41;datasql;eucld-live;ora;ES;100.80.44.48;rhel-8.4;2024/07/18 - 14:21 CEST;[10Gb] -[300Gb] -[40Gb] -;-;Instalacion Oracle RAC
cva2pas17;aws;;postgresql;original;datasql;uscld-live;pro;MX;100.84.44.156;rhel-8.2;2021/08/03 - 23:23 CEST;[10Gb] -[20Gb] -[50Gb] -[50Gb] -;-;PostgreSQL
cva2pas22;aws;;postgresql;original;datasql;uscld-live;pro;PE;100.84.44.152;rhel-8.2;2021/08/04 - 17:35 CEST;[10Gb] -[20Gb] -[50Gb] -[50Gb] -;-;PostgreSQL
cva2pas24;aws;;postgresql;original;datasql;uscld-live;pro;CO;100.84.44.56;rhel-8.2;2021/08/25 - 23:49 CEST;[10Gb] -[20Gb] -[50Gb] -[50Gb] -;-;
cva2pas54;aws;mxlcp03;postgresql;RH86_Ansible63;datasql;uscld-live;pro;MX;100.84.44.141;rhel-8.6;2024/02/09 - 19:13 CEST;[20Gb] -[50Gb] -[50Gb] -;-;Install Postgres DB
cva2pas55;aws;;postgresql;RH86_Ansible63;datasql;uscld-live;pro;PE;100.84.44.26;rhel-8.6;2024/02/09 - 19:36 CEST;[20Gb] -[50Gb] -[50Gb] -;-;Install Postgres DB
cva2pas56;aws;;postgresql;RH86_Ansible63;datasql;uscld-live;pro;CO;100.84.44.129;rhel-8.6;2024/02/09 - 20:26 CEST;[20Gb] -[50Gb] -[50Gb] -;-;Install Postgres DB
cva2vaa08;aws;MXLS02;oracvir;RH84_Ansible41;datasql;uscld-live;ora;MX;100.84.44.135;rhel-8.4;2023/07/18 - 00:28 CEST;[10Gb] -[300Gb] -[100Gb] -[1000Gb] -[1000Gb] -[1000Gb] -[1000Gb] -[1000Gb] -[1000Gb] -[1000Gb] -[1000Gb] -[1000Gb] -[1000Gb] -[1000Gb] -[100Gb] -[100Gb] -[100Gb] -[1000Gb] -[1000Gb] -;-;Instalacion Oracle RAC
cva2vaa09;aws;MXLS01;oracvir;RH84_Ansible41;datasql;uscld-live;ora;MX;100.84.44.230;rhel-8.4;2023/07/26 - 18:45 CEST;[10Gb] -[300Gb] -[100Gb] -[1000Gb] -[1000Gb] -[1000Gb] -[1000Gb] -[1000Gb] -[1000Gb] -[1000Gb] -[1000Gb] -[1000Gb] -[1000Gb] -[1000Gb] -[1000Gb] -[1000Gb] -[1000Gb] -[1000Gb] -[1000Gb] -[1000Gb] -[1000Gb] -[1000Gb] -[1000Gb] -;-;Instalacion Oracle RAC
cva2vaa10;aws;CRLS01;oracvir;RH84_Ansible41;datasql;uscld-live;ora;CR;100.84.44.29;rhel-8.4;2024/03/12 - 18:30 CEST;[10Gb] -[300Gb] -[100Gb] -[1000Gb] -[1000Gb] -[1000Gb] -[1000Gb] -[100Gb] -[100Gb] -[100Gb] -[1000Gb] -[1000Gb] -;-;Instalacion Oracle RAC
cva3das22;aws;edbpoc;postgresql;RH86_Ansible63;datasql;eucld-work;dev;ES;100.88.44.78;rhel-8.6;2023/11/07 - 13:10 CEST;[20Gb] -[50Gb] -[50Gb] -[25Gb] -;-;Install Postgres DB
cva3das23;aws;edbpoc;postgresql;RH86_Ansible63;datasql;eucld-work;dev;ES;100.88.44.61;rhel-8.6;2023/11/07 - 13:45 CEST;[20Gb] -[50Gb] -[50Gb] -[100Gb] -[100Gb] -[25Gb] -;-;Install Postgres DB
cva3das24;aws;edbpoc;postgresql;RH86_Ansible63;datasql;eucld-work;dev;ES;100.88.44.123;rhel-8.6;2023/11/07 - 13:45 CEST;[20Gb] -[50Gb] -[50Gb] -[25Gb] -;-;Install Postgres DB
cva3das25;aws;edbpoc;postgresql;RH86_Ansible63;datasql;eucld-work;dev;ES;100.88.44.218;rhel-8.6;2023/11/07 - 13:45 CEST;[20Gb] -[50Gb] -[50Gb] -[25Gb] -;-;Install Postgres DB
cva3das26;aws;edbproxy;postgresql;RH86_Ansible63;datasql;eucld-work;dev;ES;100.88.44.155;rhel-8.6;2023/11/08 - 11:35 CEST;[20Gb] -[50Gb] -[50Gb] -;-;Install Postgres DB
cva3das27;aws;edbproxy;postgresql;RH86_Ansible63;datasql;eucld-work;dev;ES;100.88.44.12;rhel-8.6;2023/11/08 - 11:51 CEST;[20Gb] -[50Gb] -[50Gb] -;-;Install Postgres DB
cva3das28;aws;edbproxy;postgresql;RH86_Ansible63;datasql;eucld-work;dev;ES;100.88.44.92;rhel-8.6;2023/11/08 - 11:51 CEST;[20Gb] -[50Gb] -[50Gb] -;-;Install Postgres DB
cva3das29;aws;edbpoc2;postgresql;RH86_Ansible63;datasql;eucld-work;dev;ES;100.88.44.145;rhel-8.6;2023/11/29 - 16:40 CEST;[20Gb] -[50Gb] -[50Gb] -[2Gb] -[2Gb] -;-;Install Postgres DB
cva3das30;aws;edbpoc2;postgresql;RH86_Ansible63;datasql;eucld-work;dev;ES;100.88.44.39;rhel-8.6;2023/11/29 - 16:40 CEST;[20Gb] -[50Gb] -[50Gb] -[2Gb] -;-;Install Postgres DB
cva3das31;aws;edbpoc2;postgresql;RH86_Ansible63;datasql;eucld-work;dev;ES;100.88.44.50;rhel-8.6;2023/11/29 - 16:40 CEST;[20Gb] -[50Gb] -[50Gb] -[2Gb] -;-;Install Postgres DB
cva3das32;aws;edbproxy2;postgresql;RH86_Ansible63;datasql;eucld-work;dev;ES;100.88.44.239;rhel-8.6;2023/11/29 - 17:03 CEST;[20Gb] -[50Gb] -[50Gb] -;-;Install Postgres DB
cva3das33;aws;edbproxy2;postgresql;RH86_Ansible63;datasql;eucld-work;dev;ES;100.88.44.246;rhel-8.6;2023/11/29 - 17:03 CEST;[20Gb] -[50Gb] -[50Gb] -;-;Install Postgres DB
cva3das34;aws;edbproxy2;postgresql;RH86_Ansible63;datasql;eucld-work;dev;ES;100.88.44.236;rhel-8.6;2023/11/29 - 17:03 CEST;[20Gb] -[50Gb] -[50Gb] -;-;Install Postgres DB
cva3das38;aws;poctest;postgresql;RH86_Ansible63;datasql;eucld-work;dev;ES;100.88.44.32;rhel-8.6;2024/02/06 - 12:11 CEST;[20Gb] -[50Gb] -[50Gb] -;-;Install Postgres DB
cva3das46;aws;emwcd01;postgresql;RH88_Ansible63;datasql;eucld-work;dev;EM;100.88.44.159;rhel-8.8;2024/06/10 - 13:14 CEST;[20Gb] -[50Gb] -[50Gb] -[40Gb] -;-;Install Postgres DB
cva3das47;aws;emwcd01;postgresql;RH88_Ansible63;datasql;eucld-work;dev;EM;100.88.44.100;rhel-8.8;2024/06/14 - 08:45 CEST;[20Gb] -[50Gb] -[50Gb] -[40Gb] -;-;Install Postgres DB
cva3das57;aws;edbpoc3;postgresql;RH88_Ansible63;datasql;eucld-work;dev;ES;100.88.44.254;rhel-8.8;2024/07/05 - 13:45 CEST;[20Gb] -[50Gb] -[50Gb] -[40Gb] -;-;Install Postgres DB
cva3das58;aws;edbpoc3;postgresql;RH88_Ansible63;datasql;eucld-work;dev;ES;100.88.44.51;rhel-8.8;2024/07/05 - 13:45 CEST;[20Gb] -[50Gb] -[50Gb] -[40Gb] -;-;Install Postgres DB
cva3das59;aws;edbpoc3;postgresql;RH88_Ansible63;datasql;eucld-work;dev;ES;100.88.44.115;rhel-8.8;2024/07/05 - 13:45 CEST;[20Gb] -[50Gb] -[50Gb] -[40Gb] -;-;Install Postgres DB
cva3das60;aws;edbproxy3;postgresql;RH88_Ansible63;datasql;eucld-work;dev;ES;100.88.44.42;rhel-8.8;2024/07/08 - 08:26 CEST;[20Gb] -[50Gb] -[50Gb] -[40Gb] -;-;Install Postgres DB
cva3das61;aws;edbproxy3;postgresql;RH88_Ansible63;datasql;eucld-work;dev;ES;100.88.44.146;rhel-8.8;2024/07/08 - 08:26 CEST;[20Gb] -[50Gb] -[50Gb] -[40Gb] -;-;Install Postgres DB
cva3das62;aws;edbproxy3;postgresql;RH88_Ansible63;datasql;eucld-work;dev;ES;100.88.44.65;rhel-8.8;2024/07/08 - 08:26 CEST;[20Gb] -[50Gb] -[50Gb] -[40Gb] -;-;Install Postgres DB
cva3das65;aws;edbpoc4;postgresql;RH88_Ansible63;datasql;eucld-work;dev;ES;100.88.44.117;rhel-8.8;2024/07/16 - 08:25 CEST;[20Gb] -[50Gb] -[50Gb] -[40Gb] -;-;Install Postgres DB
cva3das66;aws;edbpoc4;postgresql;RH88_Ansible63;datasql;eucld-work;dev;ES;100.88.44.240;rhel-8.8;2024/07/16 - 08:25 CEST;[20Gb] -[50Gb] -[50Gb] -[40Gb] -;-;Install Postgres DB
cva3das67;aws;edbpoc4;postgresql;RH88_Ansible63;datasql;eucld-work;dev;ES;100.88.44.253;rhel-8.8;2024/07/16 - 08:25 CEST;[20Gb] -[50Gb] -[50Gb] -[40Gb] -;-;Install Postgres DB
cva3das68;aws;edbproxy4;postgresql;RH88_Ansible63;datasql;eucld-work;dev;ES;100.88.44.212;rhel-8.8;2024/07/16 - 10:14 CEST;[20Gb] -[50Gb] -[50Gb] -[40Gb] -;-;Install Postgres DB
cva3das69;aws;edbproxy4;postgresql;RH88_Ansible63;datasql;eucld-work;dev;ES;100.88.44.110;rhel-8.8;2024/07/16 - 10:14 CEST;[20Gb] -[50Gb] -[50Gb] -[40Gb] -;-;Install Postgres DB
cva3das70;aws;edbproxy4;postgresql;RH88_Ansible63;datasql;eucld-work;dev;ES;100.88.44.126;rhel-8.8;2024/07/16 - 10:14 CEST;[20Gb] -[50Gb] -[50Gb] -[40Gb] -;-;Install Postgres DB
cva3vaa40;aws;ORAAWS01;oracvir;RH84_Ansible41;datasql;eucld-work;ora;ES;100.88.44.226;rhel-8.4;2024/01/30 - 09:58 CEST;[10Gb] -[300Gb] -;-;Instalacion Oracle RAC
cva3vaa41;aws;ORAAWS02;oracvir;RH84_Ansible41;datasql;eucld-work;ora;EM;100.88.44.235;rhel-8.4;2024/02/12 - 13:31 CEST;[10Gb] -[300Gb] -[10Gb] -[50Gb] -[50Gb] -[50Gb] -[50Gb] -;-;Instalacion Oracle RAC
cva3vaa44;aws;ORAAWS04;oracvir;RH84_Ansible41;datasql;eucld-work;ora;EM;100.88.44.241;rhel-8.4;2024/04/15 - 13:17 CEST;[10Gb] -[300Gb] -[40Gb] -;-;Instalacion Oracle RAC
cva3vaa45;aws;ORAAWS05;oracvir;RH84_Ansible41;datasql;eucld-work;ora;EM;100.88.44.153;rhel-8.4;2024/04/15 - 13:29 CEST;[10Gb] -[300Gb] -[40Gb] -[50Gb] -[50Gb] -[50Gb] -[50Gb] -[50Gb] -[50Gb] -;-;Instalacion Oracle RAC
cva3vaa46;aws;ORAAWS03;oracvir;RH84_Ansible41;datasql;eucld-work;ora;ES;100.88.44.75;rhel-8.4;2024/07/26 - 09:45 CEST;[10Gb] -[300Gb] -[40Gb] -;-;Instalacion Oracle RAC
cva4das04;aws;;postgresql;RH86_Ansible63;datasql;uscld-work;dev;US;100.92.44.136;rhel-8.6;2023/10/27 - 22:08 CEST;[20Gb] -[50Gb] -[50Gb] -;-;Install Postgres DB
cva4das05;aws;mxwcd10;postgresql;RH86_Ansible63;datasql;uscld-work;dev;MX;100.92.44.214;rhel-8.6;2024/03/20 - 04:45 CEST;[20Gb] -[50Gb] -[50Gb] -;-;Install Postgres DB
cva4vaa08;aws;CRWS01;oracvir;RH84_Ansible41;datasql;uscld-work;ora;CR;100.92.44.236;rhel-8.4;2024/03/08 - 01:31 CEST;[10Gb] -[300Gb] -[100Gb] -[500Gb] -[500Gb] -[100Gb] -[100Gb] -[100Gb] -[100Gb] -[100Gb] -[500Gb] -[50Gb] -[50Gb] -;-;Instalacion Oracle RAC
cva4vaa09;aws;MXWS01;oracvir;RH84_Ansible41;datasql;uscld-work;ora;CR;100.92.44.217;rhel-8.4;2024/04/30 - 05:23 CEST;[10Gb] -[300Gb] -[40Gb] -[100Gb] -[1000Gb] -[1000Gb] -[1000Gb] -[500Gb] -[500Gb] -[500Gb] -[1000Gb] -[100Gb] -[100Gb] -[100Gb] -[1000Gb] -[100Gb] -[500Gb] -[500Gb] -;-;Instalacion Oracle RAC
cvm2aps19;rhv;arwca01;postgresql;RH86_Ansible63;datasql;mx-work;aus;AR;10.111.144.124,1.55.10.92;rhel-8.6;2023/11/28 - 07:45 CEST;[20Gb] POSTGRE_META_4[50Gb] POSTGRE_WAL_4[50Gb] POSTGRE_DATA_2[40Gb] POSTGRE_SO_1;-;Install Postgres DB
cvm2aps20;rhv;arwca01;postgresql;RH86_Ansible63;datasql;mx-work;aus;AR;10.111.144.125,1.55.10.93;rhel-8.6;2023/11/28 - 16:43 CEST;[20Gb] POSTGRE_META_3[50Gb] POSTGRE_WAL_1[50Gb] POSTGRE_DATA_1[40Gb] POSTGRE_SO_1;-;Install Postgres DB
cvm2aps21;rhv;mxwca03;postgresql;RH86_Ansible63;datasql;mx-work;aus;MX;10.111.144.128,1.55.10.58;rhel-8.6;2023/11/30 - 15:24 CEST;[20Gb] POSTGRE_META_2[50Gb] POSTGRE_WAL_4[50Gb] POSTGRE_DATA_4[40Gb] POSTGRE_SO_1;-;Install Postgres DB
cvm2aps23;rhv;pewca01;postgresql;RH86_Ansible63;datasql;mx-work;aus;PE;10.111.144.132,1.55.10.151;rhel-8.6;2023/12/01 - 17:56 CEST;[20Gb] POSTGRE_META_2[50Gb] POSTGRE_WAL_1[50Gb] POSTGRE_DATA_4[40Gb] POSTGRE_SO_1;-;Install Postgres DB
cvm2aps24;rhv;pewca01;postgresql;RH86_Ansible63;datasql;mx-work;aus;PE;10.111.144.133,1.55.10.152;rhel-8.6;2023/12/01 - 18:43 CEST;[20Gb] POSTGRE_META_3[50Gb] POSTGRE_WAL_3[50Gb] POSTGRE_DATA_1[40Gb] POSTGRE_SO_1;-;Install Postgres DB
cvm2aps25;rhv;mxwca03;postgresql;RH86_Ansible63;datasql;mx-work;aus;MX;10.111.144.131,1.55.10.83;rhel-8.6;2023/12/04 - 20:48 CEST;[20Gb] POSTGRE_META_1[50Gb] POSTGRE_WAL_2[50Gb] POSTGRE_DATA_2[40Gb] POSTGRE_SO_1;-;Install Postgres DB
cvm2aps26;rhv;cowca01;postgresql;RH86_Ansible63;datasql;mx-work;aus;CO;10.111.144.136,1.55.10.155;rhel-8.6;2023/12/05 - 05:57 CEST;[20Gb] POSTGRE_META_2[50Gb] POSTGRE_WAL_1[50Gb] POSTGRE_DATA_4[40Gb] POSTGRE_SO_1;-;Install Postgres DB
cvm2aps27;rhv;cowca01;postgresql;RH86_Ansible63;datasql;mx-work;aus;CO;10.111.144.137,1.55.10.156;rhel-8.6;2023/12/05 - 06:27 CEST;[20Gb] POSTGRE_META_3[50Gb] POSTGRE_WAL_3[50Gb] POSTGRE_DATA_1[40Gb] POSTGRE_SO_1;-;Install Postgres DB
cvm2dps42;rhv;;postgresql;RH86_Ansible63;datasql;mx-work;dev;MX;10.111.144.105,1.55.10.107;rhel-8.6;2023/10/19 - 15:44 CEST;[20Gb] POSTGRE_META_4[50Gb] POSTGRE_WAL_1[50Gb] POSTGRE_DATA_3[40Gb] POSTGRE_SO_1;-;Install Postgres DB
cvm2dps43;rhv;;postgresql;RH86_Ansible63;datasql;mx-work;dev;MX;10.111.144.104,1.55.10.80;rhel-8.6;2023/10/25 - 20:23 CEST;[20Gb] POSTGRE_META_2[50Gb] POSTGRE_WAL_3[50Gb] POSTGRE_DATA_1[40Gb] POSTGRE_SO_1;-;Install Postgres DB
cvm2dps48;rhv;arwcd01;postgresql;RH86_Ansible63;datasql;mx-work;dev;AR;10.111.144.107,1.55.10.108;rhel-8.6;2023/11/16 - 23:16 CEST;[20Gb] POSTGRE_META_2[50Gb] POSTGRE_WAL_1[50Gb] POSTGRE_DATA_3[40Gb] POSTGRE_SO_1;-;Install Postgres DB
cvm2dps49;rhv;arwcd01;postgresql;RH86_Ansible63;datasql;mx-work;dev;AR;10.111.144.111,1.55.10.122;rhel-8.6;2023/11/16 - 23:42 CEST;[20Gb] POSTGRE_META_3[50Gb] POSTGRE_WAL_3[50Gb] POSTGRE_DATA_1[40Gb] POSTGRE_SO_1;-;Install Postgres DB
cvm2dps50;rhv;mxwcd03;postgresql;RH86_Ansible63;datasql;mx-work;dev;MX;10.111.144.108,1.55.10.118;rhel-8.6;2023/11/17 - 19:54 CEST;[20Gb] POSTGRE_META_3[50Gb] POSTGRE_WAL_3[50Gb] POSTGRE_DATA_1[40Gb] POSTGRE_SO_1;-;Install Postgres DB
cvm2dps51;rhv;mxwcd03;postgresql;RH86_Ansible63;datasql;mx-work;dev;MX;10.111.144.109,1.55.10.119;rhel-8.6;2023/11/17 - 22:38 CEST;[20Gb] POSTGRE_META_4[50Gb] POSTGRE_WAL_3[50Gb] POSTGRE_DATA_1[40Gb] POSTGRE_SO_1;-;Install Postgres DB
cvm2dps52;rhv;pewcd01;postgresql;RH86_Ansible63;datasql;mx-work;dev;PE;10.111.144.118,1.55.10.129;rhel-8.6;2023/11/24 - 10:06 CEST;[20Gb] POSTGRE_META_2[50Gb] POSTGRE_WAL_1[50Gb] POSTGRE_DATA_4[40Gb] POSTGRE_SO_1;-;Install Postgres DB
cvm2dps53;rhv;pewcd01;postgresql;RH86_Ansible63;datasql;mx-work;dev;PE;10.111.144.119,1.55.10.130;rhel-8.6;2023/11/24 - 17:33 CEST;[20Gb] POSTGRE_META_3[50Gb] POSTGRE_WAL_3[50Gb] POSTGRE_DATA_1[40Gb] POSTGRE_SO_1;-;Install Postgres DB
cvm2dps54;rhv;cowcd01;postgresql;RH86_Ansible63;datasql;mx-work;dev;CO;10.111.144.122,1.55.10.133;rhel-8.6;2023/11/25 - 00:00 CEST;[20Gb] POSTGRE_META_2[50Gb] POSTGRE_WAL_1[50Gb] POSTGRE_DATA_4[40Gb] POSTGRE_SO_1;-;Install Postgres DB
cvm2dps55;rhv;cowcd01;postgresql;RH86_Ansible63;datasql;mx-work;dev;CO;10.111.144.123,1.55.10.134;rhel-8.6;2023/11/25 - 00:34 CEST;[20Gb] POSTGRE_META_3[50Gb] POSTGRE_WAL_3[50Gb] POSTGRE_DATA_1[40Gb] POSTGRE_SO_1;-;Install Postgres DB
cvm2dps56;rhv;edbpoc3;postgresql;RH86_Ansible63;datasql;mx-work;dev;AR;10.111.144.142,1.55.10.21;rhel-8.6;2024/01/10 - 23:27 CEST;[20Gb] POSTGRE_META_1[50Gb] POSTGRE_WAL_2[50Gb] POSTGRE_DATA_2[40Gb] POSTGRE_SO_1;-;Install Postgres DB
cvm2dps57;rhv;edbpoc3;postgresql;RH86_Ansible63;datasql;mx-work;dev;AR;10.111.144.143,1.55.10.22;rhel-8.6;2024/01/11 - 19:30 CEST;[20Gb] POSTGRE_META_1[50Gb] POSTGRE_WAL_1[50Gb] POSTGRE_DATA_3[40Gb] POSTGRE_SO_1;-;Install Postgres DB
cvm2dps58;rhv;edbpoc3;postgresql;RH86_Ansible63;datasql;mx-work;dev;AR;10.111.144.144,1.55.10.28;rhel-8.6;2024/01/11 - 22:43 CEST;[20Gb] POSTGRE_META_3[50Gb] POSTGRE_WAL_3[50Gb] POSTGRE_DATA_2[40Gb] POSTGRE_SO_1;-;Install Postgres DB
cvm2dps59;rhv;edbproxy2;postgresql;RH86_Ansible63;datasql;mx-work;dev;AR;10.111.144.145,1.55.10.29;rhel-8.6;2024/01/12 - 01:38 CEST;[20Gb] POSTGRE_META_4[50Gb] POSTGRE_WAL_2[50Gb] POSTGRE_DATA_3[40Gb] POSTGRE_SO_1;-;Install Postgres DB
cvm2dps60;rhv;edbproxy2;postgresql;RH86_Ansible63;datasql;mx-work;dev;AR;10.111.144.146,1.55.10.31;rhel-8.6;2024/01/12 - 02:14 CEST;[20Gb] POSTGRE_META_1[50Gb] POSTGRE_WAL_1[50Gb] POSTGRE_DATA_2[40Gb] POSTGRE_SO_1;-;Install Postgres DB
cvm2dps61;rhv;edbproxy2;postgresql;RH86_Ansible63;datasql;mx-work;dev;AR;10.111.144.147,1.55.10.32;rhel-8.6;2024/01/12 - 02:54 CEST;[20Gb] POSTGRE_META_3[50Gb] POSTGRE_WAL_3[50Gb] POSTGRE_DATA_3[40Gb] POSTGRE_SO_1;-;Install Postgres DB
cvm2dps62;rhv;mxwcd04;postgresql;RH86_Ansible63;datasql;mx-work;dev;MX;10.111.144.148,1.55.10.34;rhel-8.6;2024/01/15 - 18:56 CEST;[20Gb] POSTGRE_META_4[50Gb] POSTGRE_WAL_4[50Gb] POSTGRE_DATA_2[40Gb] POSTGRE_SO_1;-;Install Postgres DB
cvm2dps63;rhv;;postgresql;RH86_Ansible63;datasql;mx-work;dev;AR;10.111.144.149,1.55.10.35;rhel-8.6;2024/01/23 - 20:11 CEST;[20Gb] POSTGRE_META_1[50Gb] POSTGRE_WAL_2[50Gb] POSTGRE_DATA_3[40Gb] POSTGRE_SO_1;-;Install Postgres DB
cvm2dps64;rhv;;postgresql;RH86_Ansible63;datasql;mx-work;dev;AR;10.111.144.150,1.55.10.54;rhel-8.6;2024/01/23 - 22:28 CEST;[20Gb] POSTGRE_META_2[50Gb] POSTGRE_WAL_1[50Gb] POSTGRE_DATA_4[40Gb] POSTGRE_SO_1;-;Install Postgres DB
cvm2dps65;rhv;mxwcd10;postgresql;RH86_Ansible63;datasql;mx-work;dev;MX;10.111.144.165,1.55.10.11;rhel-8.6;2024/03/20 - 02:35 CEST;[20Gb] POSTGRE_META_3[50Gb] POSTGRE_WAL_3[50Gb] POSTGRE_DATA_1[40Gb] POSTGRE_SO_1;-;Install Postgres DB
cvm2dps66;rhv;mxwcd10;postgresql;RH86_Ansible63;datasql;mx-work;dev;MX;10.111.144.166,1.55.10.12;rhel-8.6;2024/03/20 - 02:59 CEST;[20Gb] POSTGRE_META_2[50Gb] POSTGRE_WAL_1[50Gb] POSTGRE_DATA_1[40Gb] POSTGRE_SO_1;-;Install Postgres DB
cvm2dps67;rhv;vewcd01;postgresql;RH86_Ansible63;datasql;mx-work;dev;VE;10.111.144.101,1.55.10.88;rhel-8.6;2024/05/15 - 05:10 CEST;[20Gb] POSTGRE_META_3[50Gb] POSTGRE_WAL_3[50Gb] POSTGRE_DATA_2[40Gb] POSTGRE_SO_1;-;Install Postgres DB
cvm2dps68;rhv;vewcd01;postgresql;RH86_Ansible63;datasql;mx-work;dev;VE;10.111.144.102,1.55.10.89;rhel-8.6;2024/05/15 - 05:10 CEST;[20Gb] POSTGRE_META_4[50Gb] POSTGRE_WAL_4[50Gb] POSTGRE_DATA_4[40Gb] POSTGRE_SO_1;-;Install Postgres DB
cvm2ips31;rhv;arwci01;postgresql;RH86_Ansible63;datasql;mx-work;int;AR;10.111.144.112,1.55.10.123;rhel-8.6;2023/11/17 - 00:41 CEST;[20Gb] POSTGRE_META_4[50Gb] POSTGRE_WAL_4[50Gb] POSTGRE_DATA_2[40Gb] POSTGRE_SO_1;-;Install Postgres DB
cvm2ips32;rhv;arwci01;postgresql;RH86_Ansible63;datasql;mx-work;int;AR;10.111.144.113,1.55.10.124;rhel-8.6;2023/11/17 - 01:12 CEST;[20Gb] POSTGRE_META_2[50Gb] POSTGRE_WAL_1[50Gb] POSTGRE_DATA_3[40Gb] POSTGRE_SO_1;-;Install Postgres DB
cvm2ips33;rhv;mxwci03;postgresql;RH86_Ansible63;datasql;mx-work;int;MX;10.111.144.114,1.55.10.125;rhel-8.6;2023/11/18 - 00:39 CEST;[20Gb] POSTGRE_META_2[50Gb] POSTGRE_WAL_4[50Gb] POSTGRE_DATA_2[40Gb] POSTGRE_SO_1;-;Install Postgres DB
cvm2ips34;rhv;mxwci03;postgresql;RH86_Ansible63;datasql;mx-work;int;MX;10.111.144.115,1.55.10.126;rhel-8.6;2023/11/18 - 05:39 CEST;[20Gb] POSTGRE_META_3[50Gb] POSTGRE_WAL_3[50Gb] POSTGRE_DATA_1[40Gb] POSTGRE_SO_1;-;Install Postgres DB
cvm2ips35;rhv;pewci01;postgresql;RH86_Ansible63;datasql;mx-work;int;PE;10.111.144.116,1.55.10.127;rhel-8.6;2023/11/24 - 07:56 CEST;[20Gb] POSTGRE_META_4[50Gb] POSTGRE_WAL_4[50Gb] POSTGRE_DATA_2[40Gb] POSTGRE_SO_1;-;Install Postgres DB
cvm2ips36;rhv;pewci01;postgresql;RH86_Ansible63;datasql;mx-work;int;PE;10.111.144.117,1.55.10.128;rhel-8.6;2023/11/24 - 08:30 CEST;[20Gb] POSTGRE_META_1[50Gb] POSTGRE_WAL_2[50Gb] POSTGRE_DATA_3[40Gb] POSTGRE_SO_1;-;Install Postgres DB
cvm2ips37;rhv;cowci01;postgresql;RH86_Ansible63;datasql;mx-work;int;CO;10.111.144.120,1.55.10.131;rhel-8.6;2023/11/24 - 19:22 CEST;[20Gb] POSTGRE_META_4[50Gb] POSTGRE_WAL_4[50Gb] POSTGRE_DATA_2[40Gb] POSTGRE_SO_1;-;Install Postgres DB
cvm2ips38;rhv;cowci01;postgresql;RH86_Ansible63;datasql;mx-work;int;CO;10.111.144.121,1.55.10.132;rhel-8.6;2023/11/24 - 20:21 CEST;[20Gb] POSTGRE_META_1[50Gb] POSTGRE_WAL_2[50Gb] POSTGRE_DATA_3[40Gb] POSTGRE_SO_1;-;Install Postgres DB
cvm2ips39;rhv;mxwci01;postgresql;RH86_Ansible63;datasql;mx-work;int;MX;10.111.144.140,1.55.10.13;rhel-8.6;2023/12/26 - 22:21 CEST;[20Gb] POSTGRE_META_1[50Gb] POSTGRE_WAL_2[50Gb] POSTGRE_DATA_4[40Gb] POSTGRE_SO_1[50Gb] POSTGRE_DATA_4[50Gb] POSTGRE_DATA_4;-;Install Postgres DB
cvm2ips40;rhv;mxwci01;postgresql;RH86_Ansible63;datasql;mx-work;int;MX;10.111.144.141,1.55.10.14;rhel-8.6;2023/12/26 - 23:23 CEST;[20Gb] POSTGRE_META_1[50Gb] POSTGRE_WAL_2[50Gb] POSTGRE_DATA_3[40Gb] POSTGRE_SO_1[50Gb] POSTGRE_DATA_4[50Gb] POSTGRE_DATA_4;-;Install Postgres DB
cvm2ops17;rhv;arwco01;postgresql;RH86_Ansible63;datasql;mx-work;oct;AR;10.111.144.126,1.55.10.145;rhel-8.6;2023/11/28 - 19:42 CEST;[20Gb] POSTGRE_META_4[50Gb] POSTGRE_WAL_4[50Gb] POSTGRE_DATA_2[40Gb] POSTGRE_SO_1;-;Install Postgres DB
cvm2ops18;rhv;arwco01;postgresql;RH86_Ansible63;datasql;mx-work;oct;AR;10.111.144.127,1.55.10.150;rhel-8.6;2023/11/28 - 20:07 CEST;[20Gb] POSTGRE_META_1[50Gb] POSTGRE_WAL_2[50Gb] POSTGRE_DATA_3[40Gb] POSTGRE_SO_1;-;Install Postgres DB
cvm2ops19;rhv;mxwco03;postgresql;RH86_Ansible63;datasql;mx-work;oct;MX;10.111.144.130,1.55.10.82;rhel-8.6;2023/11/30 - 16:29 CEST;[20Gb] POSTGRE_META_4[50Gb] POSTGRE_WAL_4[50Gb] POSTGRE_DATA_4[40Gb] POSTGRE_SO_1;-;Install Postgres DB
cvm2ops20;rhv;mxwco03;postgresql;RH86_Ansible63;datasql;mx-work;oct;MX;10.111.144.129,1.55.10.59;rhel-8.6;2023/11/30 - 17:14 CEST;[20Gb] POSTGRE_META_3[50Gb] POSTGRE_WAL_2[50Gb] POSTGRE_DATA_4[40Gb] POSTGRE_SO_1;-;Install Postgres DB
cvm2ops21;rhv;pewco01;postgresql;RH86_Ansible63;datasql;mx-work;oct;PE;10.111.144.134,1.55.10.153;rhel-8.6;2023/12/01 - 20:48 CEST;[20Gb] POSTGRE_META_4[50Gb] POSTGRE_WAL_4[50Gb] POSTGRE_DATA_2[40Gb] POSTGRE_SO_1;-;Install Postgres DB
cvm2ops22;rhv;pewco01;postgresql;RH86_Ansible63;datasql;mx-work;oct;PE;10.111.144.135,1.55.10.154;rhel-8.6;2023/12/04 - 16:27 CEST;[20Gb] POSTGRE_META_1[50Gb] POSTGRE_WAL_2[50Gb] POSTGRE_DATA_3[40Gb] POSTGRE_SO_1;-;Install Postgres DB
cvm2ops23;rhv;cowco01;postgresql;RH86_Ansible63;datasql;mx-work;oct;CO;10.111.144.138,1.55.10.157;rhel-8.6;2023/12/05 - 16:07 CEST;[20Gb] POSTGRE_META_4[50Gb] POSTGRE_WAL_4[50Gb] POSTGRE_DATA_2[40Gb] POSTGRE_SO_1;-;Install Postgres DB
cvm2ops24;rhv;cowco01;postgresql;RH86_Ansible63;datasql;mx-work;oct;CO;10.111.144.139,1.55.10.158;rhel-8.6;2023/12/05 - 16:40 CEST;[20Gb] POSTGRE_META_1[50Gb] POSTGRE_WAL_2[50Gb] POSTGRE_DATA_3[40Gb] POSTGRE_SO_1;-;Install Postgres DB
cvm2pps99;rhv;mxlcp01;postgresql;RH86_Ansible63;datasql;mx-live;pro;MX;10.55.12.46,1.55.0.11;rhel-8.6;2024/01/12 - 20:56 CEST;[20Gb] POSTGRE_META_1[50Gb] POSTGRE_WAL_1[50Gb] POSTGRE_DATA_4[40Gb] POSTGRE_SO_1;-;Install Postgres DB
cvm2ppsaa;rhv;mxlcp01;postgresql;RH86_Ansible63;datasql;mx-live;pro;MX;10.55.12.101,1.55.0.13;rhel-8.6;2024/01/14 - 08:22 CEST;[20Gb] POSTGRE_META_3[50Gb] POSTGRE_WAL_1[50Gb] POSTGRE_DATA_4[40Gb] POSTGRE_SO_1;-;Install Postgres DB
cvm2ppsab;rhv;arlcp03;postgresql;RH86_Ansible63;datasql;mx-live;pro;AR;10.55.12.102,1.55.0.14;rhel-8.6;2024/01/26 - 01:25 CEST;[20Gb] POSTGRE_META_1[50Gb] POSTGRE_WAL_2[50Gb] POSTGRE_DATA_4[40Gb] POSTGRE_SO_1;-;Install Postgres DB
cvm2ppsac;rhv;arlcp03;postgresql;RH86_Ansible63;datasql;mx-live;pro;AR;10.55.12.103,1.55.0.15;rhel-8.6;2024/01/26 - 02:07 CEST;[20Gb] POSTGRE_META_2[50Gb] POSTGRE_WAL_1[50Gb] POSTGRE_DATA_3[40Gb] POSTGRE_SO_1;-;Install Postgres DB
cvm2ppsad;rhv;colcp03;postgresql;RH86_Ansible63;datasql;mx-live;pro;CO;10.55.12.104,1.55.0.16;rhel-8.6;2024/01/26 - 02:59 CEST;[20Gb] POSTGRE_META_3[50Gb] POSTGRE_WAL_2[50Gb] POSTGRE_DATA_4[40Gb] POSTGRE_SO_1;-;Install Postgres DB
cvm2ppsae;rhv;colcp03;postgresql;RH86_Ansible63;datasql;mx-live;pro;CO;10.55.12.105,1.55.0.17;rhel-8.6;2024/01/26 - 04:05 CEST;[20Gb] POSTGRE_META_1[50Gb] POSTGRE_WAL_1[50Gb] POSTGRE_DATA_3[40Gb] POSTGRE_SO_1;-;Install Postgres DB
cvm2ppsaf;rhv;mxlcp05;postgresql;RH86_Ansible63;datasql;mx-live;pro;MX;10.55.12.106,1.55.0.18;rhel-8.6;2024/01/26 - 04:42 CEST;[20Gb] POSTGRE_META_2[50Gb] POSTGRE_WAL_2[50Gb] POSTGRE_DATA_4[40Gb] POSTGRE_SO_1;-;Install Postgres DB
cvm2ppsag;rhv;mxlcp05;postgresql;RH86_Ansible63;datasql;mx-live;pro;MX;10.55.12.107,1.55.0.19;rhel-8.6;2024/01/26 - 05:37 CEST;[20Gb] POSTGRE_META_3[50Gb] POSTGRE_WAL_3[50Gb] POSTGRE_DATA_3[40Gb] POSTGRE_SO_1;-;Install Postgres DB
cvm2ppsah;rhv;pelcp03;postgresql;RH86_Ansible63;datasql;mx-live;pro;PE;10.55.12.108,1.55.0.22;rhel-8.6;2024/01/29 - 18:12 CEST;[20Gb] POSTGRE_META_1[50Gb] POSTGRE_WAL_1[50Gb] POSTGRE_DATA_4[40Gb] POSTGRE_SO_1;-;Install Postgres DB
cvm2ppsai;rhv;pelcp03;postgresql;RH86_Ansible63;datasql;mx-live;pro;PE;10.55.12.109,1.55.0.28;rhel-8.6;2024/01/29 - 18:44 CEST;[20Gb] POSTGRE_META_2[50Gb] POSTGRE_WAL_2[50Gb] POSTGRE_DATA_3[40Gb] POSTGRE_SO_1;-;Install Postgres DB
cvm2ppsaj;rhv;arlcp01;postgresql;RH86_Ansible63;datasql;mx-live;pro;AR;10.55.12.110,1.55.0.29;rhel-8.6;2024/01/29 - 19:39 CEST;[20Gb] POSTGRE_META_3[50Gb] POSTGRE_WAL_3[50Gb] POSTGRE_DATA_4[40Gb] POSTGRE_SO_1;-;Install Postgres DB
cvm2ppsak;rhv;arlcp01;postgresql;RH86_Ansible63;datasql;mx-live;pro;AR;10.55.12.111,1.55.0.30;rhel-8.6;2024/01/29 - 20:05 CEST;[20Gb] POSTGRE_META_1[50Gb] POSTGRE_WAL_1[50Gb] POSTGRE_DATA_3[40Gb] POSTGRE_SO_1;-;Install Postgres DB
cvm2ppsal;rhv;arlcp01;postgresql;RH86_Ansible63;datasql;mx-live;pro;AR;10.55.12.112,1.55.0.36;rhel-8.6;2024/01/29 - 20:31 CEST;[20Gb] POSTGRE_META_2[50Gb] POSTGRE_WAL_2[50Gb] POSTGRE_DATA_4[40Gb] POSTGRE_SO_1;-;Install Postgres DB
cvm2ppsam;rhv;mxlcp03;postgresql;RH86_Ansible63;datasql;mx-live;pro;MX;10.55.12.115,1.55.0.37;rhel-8.6;2024/01/29 - 22:37 CEST;[20Gb] POSTGRE_META_3[50Gb] POSTGRE_WAL_3[50Gb] POSTGRE_DATA_2[40Gb] POSTGRE_SO_1;-;Install Postgres DB
cvm2ppsan;rhv;mxlcp03;postgresql;RH86_Ansible63;datasql;mx-live;pro;MX;10.55.12.116,1.55.0.45;rhel-8.6;2024/01/29 - 23:02 CEST;[20Gb] POSTGRE_META_1[50Gb] POSTGRE_WAL_1[50Gb] POSTGRE_DATA_3[40Gb] POSTGRE_SO_1;-;Install Postgres DB
cvm2ppsao;rhv;mxlcp03;postgresql;RH86_Ansible63;datasql;mx-live;pro;MX;10.55.12.117,1.55.0.46;rhel-8.6;2024/01/29 - 23:27 CEST;[20Gb] POSTGRE_META_2[50Gb] POSTGRE_WAL_2[50Gb] POSTGRE_DATA_4[40Gb] POSTGRE_SO_1;-;Install Postgres DB
cvm2ppsap;rhv;colcp01;postgresql;RH86_Ansible63;datasql;mx-live;pro;CO;10.55.12.118,1.55.0.48;rhel-8.6;2024/01/29 - 23:51 CEST;[20Gb] POSTGRE_META_3[50Gb] POSTGRE_WAL_3[50Gb] POSTGRE_DATA_2[40Gb] POSTGRE_SO_1;-;Install Postgres DB
cvm2ppsaq;rhv;colcp01;postgresql;RH86_Ansible63;datasql;mx-live;pro;CO;10.55.12.119,1.55.0.49;rhel-8.6;2024/01/30 - 00:19 CEST;[20Gb] POSTGRE_META_1[50Gb] POSTGRE_WAL_1[50Gb] POSTGRE_DATA_3[40Gb] POSTGRE_SO_1;-;Install Postgres DB
cvm2ppsar;rhv;colcp01;postgresql;RH86_Ansible63;datasql;mx-live;pro;CO;10.55.12.123,1.55.0.53;rhel-8.6;2024/01/30 - 00:43 CEST;[20Gb] POSTGRE_META_2[50Gb] POSTGRE_WAL_2[50Gb] POSTGRE_DATA_4[40Gb] POSTGRE_SO_1;-;Install Postgres DB
cvm2ppsas;rhv;pelcp01;postgresql;RH86_Ansible63;datasql;mx-live;pro;PE;10.55.12.124,1.55.0.54;rhel-8.6;2024/01/30 - 01:15 CEST;[20Gb] POSTGRE_META_3[50Gb] POSTGRE_WAL_3[50Gb] POSTGRE_DATA_2[40Gb] POSTGRE_SO_1;-;Install Postgres DB
cvm2ppsat;rhv;pelcp01;postgresql;RH86_Ansible63;datasql;mx-live;pro;PE;10.55.12.141,1.55.0.55;rhel-8.6;2024/01/30 - 01:54 CEST;[20Gb] POSTGRE_META_1[50Gb] POSTGRE_WAL_1[50Gb] POSTGRE_DATA_3[40Gb] POSTGRE_SO_1;-;Install Postgres DB
cvm2ppsau;rhv;pelcp01;postgresql;RH86_Ansible63;datasql;mx-live;pro;PE;10.55.12.142,1.55.0.56;rhel-8.6;2024/01/30 - 02:20 CEST;[20Gb] POSTGRE_META_2[50Gb] POSTGRE_WAL_2[50Gb] POSTGRE_DATA_4[40Gb] POSTGRE_SO_1;-;Install Postgres DB
cvm2rps05;rhv;mxwct03;postgresql;RH86_Ansible63;datasql;mx-work;pre;MX;10.111.144.110,1.55.10.120;rhel-8.6;2023/10/26 - 18:26 CEST;[20Gb] POSTGRE_META_2[50Gb] POSTGRE_WAL_1[50Gb] POSTGRE_DATA_3[40Gb] POSTGRE_SO_1;-;Install Postgres DB
cvm2rps06;rhv;mxwct03;postgresql;RH86_Ansible63;datasql;mx-work;pre;MX;10.111.144.106,1.55.10.106;rhel-8.6;2023/10/26 - 21:21 CEST;[20Gb] POSTGRE_META_2[50Gb] POSTGRE_WAL_4[50Gb] POSTGRE_DATA_1[40Gb] POSTGRE_SO_1;-;Install Postgres DB
cvm2voaab;rhv;MXWC50;oracvir;RH84_Ansible41;datasql;mx-work;ora;MX;10.111.145.129,1.55.4.15;rhel-8.4;2022/07/20 - 19:30 CEST;[400Gb] ORA1_BIN_2[40Gb] ORA1_SO_1;-;Instalacion Oracle RAC
cvm2voaac;rhv;MXWC50;oracvir;RH84_Ansible41;datasql;mx-work;ora;MX;10.111.145.130,1.55.4.20;rhel-8.4;2022/07/20 - 19:30 CEST;[400Gb] ORA1_BIN_3[40Gb] ORA1_SO_1;-;Instalacion Oracle RAC
cvm2voaad;rhv;MXWC51;oracvir;RH84_Ansible41;datasql;mx-work;ora;MX;10.111.145.92,1.55.4.25;rhel-8.4;2022/07/26 - 17:46 CEST;[400Gb] ORA1_BIN_1[40Gb] ORA1_SO_1;-;Instalacion Oracle RAC
cvm2voaae;rhv;MXWC51;oracvir;RH84_Ansible41;datasql;mx-work;ora;MX;10.111.145.115,1.55.4.32;rhel-8.4;2022/07/26 - 17:46 CEST;[400Gb] ORA1_BIN_1[40Gb] ORA1_SO_1;-;Instalacion Oracle RAC
cvm2voaaf;rhv;MXWC52;oracvir;RH84_Ansible41;datasql;mx-work;ora;MX;10.111.145.133,1.55.4.59;rhel-8.4;2022/07/28 - 16:45 CEST;[400Gb] ORA1_BIN_2[40Gb] ORA1_SO_1;-;Instalacion Oracle RAC
cvm2voaag;rhv;MXWC52;oracvir;RH84_Ansible41;datasql;mx-work;ora;MX;10.111.145.143,1.55.4.60;rhel-8.4;2022/07/28 - 16:45 CEST;[400Gb] ORA1_BIN_1[40Gb] ORA1_SO_1;-;Instalacion Oracle RAC
cvm2voaah;rhv;MXWC53;oracvir;RH84_Ansible41;datasql;mx-work;ora;MX;10.111.145.160,1.55.4.61;rhel-8.4;2022/07/29 - 16:38 CEST;[400Gb] ORA1_BIN_2[40Gb] ORA1_SO_1;-;Instalacion Oracle RAC
cvm2voaai;rhv;MXWC53;oracvir;RH84_Ansible41;datasql;mx-work;ora;MX;10.111.145.161,1.55.4.66;rhel-8.4;2022/07/29 - 16:38 CEST;[400Gb] ORA1_BIN_1[40Gb] ORA1_SO_1;-;Instalacion Oracle RAC
cvm2voaaq;rhv;MXWC55;oracvir;RH84_Ansible41;datasql;mx-work;ora;MX;10.111.145.48,1.55.4.43;rhel-8.4;2022/10/29 - 00:07 CEST;[400Gb] ORA1_BIN_2[40Gb] ORA1_SO_1;-;Instalacion Oracle RAC
cvm2voaar;rhv;MXWC55;oracvir;RH84_Ansible41;datasql;mx-work;ora;MX;10.111.145.52,1.55.4.44;rhel-8.4;2022/10/29 - 00:07 CEST;[400Gb] ORA1_BIN_1[40Gb] ORA1_SO_1;-;Instalacion Oracle RAC
cvm2voaas;rhv;CRWC50;oracvir;RH84_Ansible41;datasql;mx-work;ora;MX;10.111.145.33,1.55.4.21;rhel-8.4;2022/11/28 - 23:13 CEST;[400Gb] ORA1_BIN_2[40Gb] ORA1_SO_1;-;Instalacion Oracle RAC
cvm2voaat;rhv;CRWC50;oracvir;RH84_Ansible41;datasql;mx-work;ora;MX;10.111.145.34,1.55.4.22;rhel-8.4;2022/11/28 - 23:13 CEST;[400Gb] ORA1_BIN_1[40Gb] ORA1_SO_1;-;Instalacion Oracle RAC
cvm2voabe;rhv;CRWC59;oracvir;RH84_Ansible41;datasql;mx-work;ora;CR;10.111.145.80,1.55.4.16;rhel-8.4;2023/02/03 - 20:46 CEST;[400Gb] ORA1_BIN_3[40Gb] ORA1_SO_1;-;Instalacion Oracle RAC
cvm2voabf;rhv;CRWC59;oracvir;RH84_Ansible41;datasql;mx-work;ora;CR;10.111.145.81,1.55.4.17;rhel-8.4;2023/02/03 - 20:46 CEST;[400Gb] ORA1_BIN_2[40Gb] ORA1_SO_1;-;Instalacion Oracle RAC
cvm2voabs;rhv;CRWC55;oracvir;RH84_Ansible41;datasql;mx-work;ora;CR;10.111.144.27,1.55.4.11;rhel-8.4;2023/02/24 - 20:46 CEST;[400Gb] ORA1_BIN_3[40Gb] ORA1_SO_1;-;Instalacion Oracle RAC
cvm2voabt;rhv;CRWC55;oracvir;RH84_Ansible41;datasql;mx-work;ora;CR;10.111.144.28,1.55.4.12;rhel-8.4;2023/02/24 - 20:46 CEST;[400Gb] ORA1_BIN_4[40Gb] ORA1_SO_1;-;Instalacion Oracle RAC
cvm2voabu;rhv;CRWC56;oracvir;RH84_Ansible41;datasql;mx-work;ora;CR;10.111.144.29,1.55.4.39;rhel-8.4;2023/02/24 - 21:36 CEST;[400Gb] ORA1_BIN_3[40Gb] ORA1_SO_1;-;Instalacion Oracle RAC
cvm2voabv;rhv;CRWC56;oracvir;RH84_Ansible41;datasql;mx-work;ora;CR;10.111.144.30,1.55.4.40;rhel-8.4;2023/02/24 - 21:36 CEST;[400Gb] ORA1_BIN_4[40Gb] ORA1_SO_1;-;Instalacion Oracle RAC
cvm2voabw;rhv;CRWC57;oracvir;RH84_Ansible41;datasql;mx-work;ora;CR;10.111.144.31,1.55.4.41;rhel-8.4;2023/02/25 - 01:18 CEST;[400Gb] ORA1_BIN_5[40Gb] ORA1_SO_1;-;Instalacion Oracle RAC
cvm2voabx;rhv;CRWC57;oracvir;RH84_Ansible41;datasql;mx-work;ora;CR;10.111.144.32,1.55.4.42;rhel-8.4;2023/02/25 - 01:18 CEST;[400Gb] ORA1_BIN_2[40Gb] ORA1_SO_1;-;Instalacion Oracle RAC
cvm2voaca;rhv;MXWC56;oracvir;RH84_Ansible41;datasql;mx-work;ora;MX;10.111.144.55,1.55.4.52;rhel-8.4;2023/05/04 - 01:00 CEST;[400Gb] ORA1_BIN_5[40Gb] ORA1_SO_1;-;Instalacion Oracle RAC
cvm2voacb;rhv;MXWC56;oracvir;RH84_Ansible41;datasql;mx-work;ora;MX;10.111.144.56,1.55.4.53;rhel-8.4;2023/05/04 - 01:00 CEST;[400Gb] ORA1_BIN_5[40Gb] ORA1_SO_1;-;Instalacion Oracle RAC
cvm2voacc;rhv;MXWC57;oracvir;RH84_Ansible41;datasql;mx-work;ora;MX;10.111.144.57,1.55.4.54;rhel-8.4;2023/05/04 - 16:45 CEST;[400Gb] ORA1_BIN_5[40Gb] ORA1_SO_1;-;Instalacion Oracle RAC
cvm2voacd;rhv;MXWC57;oracvir;RH84_Ansible41;datasql;mx-work;ora;MX;10.111.144.58,1.55.4.55;rhel-8.4;2023/05/04 - 16:45 CEST;[400Gb] ORA1_BIN_5[40Gb] ORA1_SO_1;-;Instalacion Oracle RAC
cvm2voace;rhv;MXWC58;oracvir;RH84_Ansible41;datasql;mx-work;ora;MX;10.111.144.59,1.55.4.56;rhel-8.4;2023/05/04 - 18:18 CEST;[400Gb] ORA1_BIN_1[40Gb] ORA1_SO_1;-;Instalacion Oracle RAC
cvm2voacf;rhv;MXWC58;oracvir;RH84_Ansible41;datasql;mx-work;ora;MX;10.111.144.60,1.55.4.57;rhel-8.4;2023/05/04 - 18:18 CEST;[400Gb] ORA1_BIN_3[40Gb] ORA1_SO_1;-;Instalacion Oracle RAC
cvm2voacg;rhv;MXWC59;oracvir;RH84_Ansible41;datasql;mx-work;ora;MX;10.111.144.61,1.55.4.58;rhel-8.4;2023/05/04 - 19:01 CEST;[400Gb] ORA1_BIN_4[40Gb] ORA1_SO_1;-;Instalacion Oracle RAC
cvm2voach;rhv;MXWC59;oracvir;RH84_Ansible41;datasql;mx-work;ora;MX;10.111.144.62,1.55.4.67;rhel-8.4;2023/05/04 - 19:01 CEST;[400Gb] ORA1_BIN_5[40Gb] ORA1_SO_1;-;Instalacion Oracle RAC
cvm2voaci;rhv;MXWC60;oracvir;RH84_Ansible41;datasql;mx-work;ora;MX;10.111.144.83,1.55.4.37;rhel-8.4;2023/05/17 - 16:45 CEST;[400Gb] ORA1_BIN_5[40Gb] ORA1_SO_1;-;Instalacion Oracle RAC
cvm2voacj;rhv;MXWC60;oracvir;RH84_Ansible41;datasql;mx-work;ora;MX;10.111.144.84,1.55.4.38;rhel-8.4;2023/05/17 - 16:45 CEST;[400Gb] ORA1_BIN_2[40Gb] ORA1_SO_1;-;Instalacion Oracle RAC
cvm2voack;rhv;MXWC60;oracvir;RH84_Ansible41;datasql;mx-work;ora;MX;10.111.144.85,1.55.4.69;rhel-8.4;2023/05/17 - 16:45 CEST;[400Gb] ORA1_BIN_2[40Gb] ORA1_SO_1;-;Instalacion Oracle RAC
cvm2voacn;rhv;CRWC58;oracvir;RH84_Ansible41;datasql;mx-work;ora;CR;10.111.144.38,1.55.4.23;rhel-8.4;2023/06/20 - 17:23 CEST;[400Gb] ORA1_BIN_1[40Gb] ORA1_SO_1;-;Instalacion Oracle RAC
cvm2voaco;rhv;CRWC58;oracvir;RH84_Ansible41;datasql;mx-work;ora;CR;10.111.144.39,1.55.4.24;rhel-8.4;2023/06/20 - 17:23 CEST;[400Gb] ORA1_BIN_1[40Gb] ORA1_SO_1;-;Instalacion Oracle RAC
cvm2voacp;rhv;CRWC58;oracvir;RH84_Ansible41;datasql;mx-work;ora;CR;10.111.144.53,1.55.4.33;rhel-8.4;2023/06/20 - 17:23 CEST;[400Gb] ORA1_BIN_3[40Gb] ORA1_SO_1;-;Instalacion Oracle RAC
cvm2voacu;rhv;mxlem2;oracvir;RH84_Ansible41;datasql;mx-live;ora;MX;10.55.12.78,1.55.0.12;rhel-8.4;2023/09/19 - 04:42 CEST;[400Gb] ORA1_BIN_2[40Gb] ORA1_SO_1;-;Instalacion Oracle RAC
cvm2voacv;rhv;MXWEM2;oracvir;RH84_Ansible41;datasql;mx-work;ora;MX;10.111.144.103,1.55.4.26;rhel-8.4;2023/09/29 - 05:26 CEST;[400Gb] ORA1_BIN_1[40Gb] ORA1_SO_1;-;Instalacion Oracle RAC
cvm2voacw;rhv;CRWC60;oracvir;RH84_Ansible41;datasql;mx-work;ora;CR;10.111.144.151,1.55.4.14;rhel-8.4;2024/01/30 - 17:36 CEST;[400Gb] ORA1_BIN_4[40Gb] ORA1_SO_1;-;Instalacion Oracle RAC
cvm2voacx;rhv;CRWC60;oracvir;RH84_Ansible41;datasql;mx-work;ora;CR;10.111.144.152,1.55.4.27;rhel-8.4;2024/01/30 - 17:36 CEST;[400Gb] ORA1_BIN_2[40Gb] ORA1_SO_1;-;Instalacion Oracle RAC
cvm2voacy;rhv;CRWC61;oracvir;RH84_Ansible41;datasql;mx-work;ora;CR;10.111.144.158,1.55.4.28;rhel-8.4;2024/02/08 - 22:07 CEST;[400Gb] ORA1_BIN_1[40Gb] ORA1_SO_1;-;Instalacion Oracle RAC
cvm2voacz;rhv;CRWC61;oracvir;RH84_Ansible41;datasql;mx-work;ora;CR;10.111.144.159,1.55.4.34;rhel-8.4;2024/02/08 - 22:07 CEST;[400Gb] ORA1_BIN_2[40Gb] ORA1_SO_1;-;Instalacion Oracle RAC
cvm2voade;rhv;CRWC64;oracvir;RH84_Ansible41;datasql;mx-work;ora;CR;10.111.144.96,1.55.4.19;rhel-8.4;2024/04/30 - 22:39 CEST;[400Gb] ORA1_BIN_2[40Gb] ORA1_SO_1;-;Instalacion Oracle RAC
cvm2voadf;rhv;CRWC64;oracvir;RH84_Ansible41;datasql;mx-work;ora;CR;10.111.144.100,1.55.4.63;rhel-8.4;2024/04/30 - 22:39 CEST;[400Gb] ORA1_BIN_4[40Gb] ORA1_SO_1;-;Instalacion Oracle RAC
cvm2voadg;rhv;CRWC70;oracvir;RH84_Ansible41;datasql;mx-work;ora;CR;10.111.144.54,1.55.4.13;rhel-8.4;2024/05/14 - 00:28 CEST;[400Gb] ORA1_BIN_3[40Gb] ORA1_SO_1;-;Instalacion Oracle RAC
cvm2voadh;rhv;CRWC70;oracvir;RH84_Ansible41;datasql;mx-work;ora;CR;10.111.144.95,1.55.4.18;rhel-8.4;2024/05/14 - 00:28 CEST;[400Gb] ORA1_BIN_2[40Gb] ORA1_SO_1;-;Instalacion Oracle RAC
cvm2voadi;rhv;CRWC71;oracvir;RH84_Ansible41;datasql;mx-work;ora;CR;10.111.144.167,1.55.4.35;rhel-8.4;2024/05/20 - 20:13 CEST;[400Gb] ORA1_BIN_1[40Gb] ORA1_SO_1;-;Instalacion Oracle RAC
cvm2voadj;rhv;CRWC71;oracvir;RH84_Ansible41;datasql;mx-work;ora;CR;10.111.144.168,1.55.4.62;rhel-8.4;2024/05/20 - 20:13 CEST;[400Gb] ORA1_BIN_4[40Gb] ORA1_SO_1;-;Instalacion Oracle RAC
cvm2voadk;rhv;CRWC72;oracvir;RH84_Ansible41;datasql;mx-work;ora;CR;10.111.144.172,1.55.4.65;rhel-8.4;2024/05/20 - 20:41 CEST;[400Gb] ORA1_BIN_5[40Gb] ORA1_SO_1;-;Instalacion Oracle RAC
cvm2voadl;rhv;CRWC72;oracvir;RH84_Ansible41;datasql;mx-work;ora;CR;10.111.144.173,1.55.4.70;rhel-8.4;2024/05/20 - 20:41 CEST;[400Gb] ORA1_BIN_2[40Gb] ORA1_SO_1;-;Instalacion Oracle RAC
cvm2voadm;rhv;CRWC73;oracvir;RH84_Ansible41;datasql;mx-work;ora;CR;10.111.144.177,1.55.4.71;rhel-8.4;2024/05/20 - 21:12 CEST;[400Gb] ORA1_BIN_1[40Gb] ORA1_SO_1;-;Instalacion Oracle RAC
cvm2voadn;rhv;CRWC73;oracvir;RH84_Ansible41;datasql;mx-work;ora;CR;10.111.144.178,1.55.4.72;rhel-8.4;2024/05/20 - 21:12 CEST;[400Gb] ORA1_BIN_2[40Gb] ORA1_SO_1;-;Instalacion Oracle RAC
cvm2voadq;rhv;CRWC74;oracvir;RH84_Ansible41;datasql;mx-work;ora;CR;10.111.144.206,1.55.4.29;rhel-8.4;2024/06/27 - 21:23 CEST;[400Gb] ORA1_BIN_4[40Gb] ORA1_SO_1;-;Instalacion Oracle RAC
cvm2voadr;rhv;CRWC74;oracvir;RH84_Ansible41;datasql;mx-work;ora;CR;10.111.144.207,1.55.4.30;rhel-8.4;2024/06/27 - 21:23 CEST;[400Gb] ORA1_BIN_1[40Gb] ORA1_SO_1;-;Instalacion Oracle RAC
cvm2voads;rhv;CRWC75;oracvir;RH84_Ansible41;datasql;mx-work;ora;CR;10.111.144.208,1.55.4.73;rhel-8.4;2024/06/28 - 00:23 CEST;[400Gb] ORA1_BIN_4[40Gb] ORA1_SO_1;-;Instalacion Oracle RAC
cvm2voadt;rhv;CRWC75;oracvir;RH84_Ansible41;datasql;mx-work;ora;CR;10.111.144.209,1.55.4.75;rhel-8.4;2024/06/28 - 00:23 CEST;[400Gb] ORA1_BIN_5[40Gb] ORA1_SO_1;-;Instalacion Oracle RAC
cvm2voadu;rhv;CRWC76;oracvir;RH84_Ansible41;datasql;mx-work;ora;CR;10.111.144.215,1.55.4.31;rhel-8.4;2024/07/03 - 19:55 CEST;[400Gb] ORA1_BIN_2[40Gb] ORA1_SO_1;-;Instalacion Oracle RAC
cvm2voadv;rhv;CRWC76;oracvir;RH84_Ansible41;datasql;mx-work;ora;CR;10.111.144.221,1.55.4.36;rhel-8.4;2024/07/03 - 19:55 CEST;[400Gb] ORA1_BIN_1[40Gb] ORA1_SO_1;-;Instalacion Oracle RAC
cvm2voadw;rhv;CRWC77;oracvir;RH84_Ansible41;datasql;mx-work;ora;CR;10.111.144.24,1.55.4.47;rhel-8.4;2024/07/04 - 22:15 CEST;[400Gb] ORA1_BIN_1[40Gb] ORA1_SO_1;-;Instalacion Oracle RAC
cvm2voadx;rhv;CRWC77;oracvir;RH84_Ansible41;datasql;mx-work;ora;CR;10.111.144.25,1.55.4.48;rhel-8.4;2024/07/04 - 22:15 CEST;[400Gb] ORA1_BIN_2[40Gb] ORA1_SO_1;-;Instalacion Oracle RAC
cvm2voady;rhv;CRWC77;oracvir;RH84_Ansible41;datasql;mx-work;ora;CR;10.111.144.179,1.55.4.51;rhel-8.4;2024/07/04 - 22:15 CEST;[400Gb] ORA1_BIN_1[40Gb] ORA1_SO_1;-;Instalacion Oracle RAC
cvs1aps19;rhv;glwca01;postgresql;RH88_Ansible63;datasql;es-work;aus;GL;10.111.17.82,1.51.10.240;rhel-8.8;2024/05/28 - 17:21 CEST;[20Gb] POSTGRE_META_2[50Gb] POSTGRE_WAL_3[50Gb] POSTGRE_DATA_2[40Gb] POSTGRE_SO_1;-;Install Postgres DB
cvs1aps20;rhv;eswca01;postgresql;RH88_Ansible63;datasql;es-work;aus;ES;10.111.17.83,1.51.10.241;rhel-8.8;2024/05/28 - 17:50 CEST;[20Gb] POSTGRE_META_3[50Gb] POSTGRE_WAL_4[50Gb] POSTGRE_DATA_3[40Gb] POSTGRE_SO_2;-;Install Postgres DB
cvs1aps21;rhv;eswca01;postgresql;RH88_Ansible63;datasql;es-work;aus;ES;10.111.17.87,1.51.10.242;rhel-8.8;2024/05/29 - 11:56 CEST;[20Gb] POSTGRE_META_4[50Gb] POSTGRE_WAL_5[50Gb] POSTGRE_DATA_1[40Gb] POSTGRE_SO_3;-;Install Postgres DB
cvs1aps22;rhv;glwca01;postgresql;RH88_Ansible63;datasql;es-work;aus;GL;10.111.17.88,1.51.10.243;rhel-8.8;2024/05/29 - 12:53 CEST;[20Gb] POSTGRE_META_6[50Gb] POSTGRE_WAL_6[50Gb] POSTGRE_DATA_2[40Gb] POSTGRE_SO_4;-;Install Postgres DB
cvs1dps56;rhv;eswcd06;postgresql;RH86_Ansible63;datasql;es-work;dev;ES;10.111.17.140,1.51.10.94;rhel-8.6;2023/05/25 - 16:00 CEST;[20Gb] POSTGRE_META_6[50Gb] POSTGRE_WAL_5[50Gb] POSTGRE_DATA_2[40Gb] POSTGRE_SO_3;-;Install Postgres DB
cvs1dps57;rhv;eswcd06;postgresql;RH86_Ansible63;datasql;es-work;dev;ES;10.111.17.138,1.51.10.73;rhel-8.6;2023/05/25 - 16:25 CEST;[20Gb] POSTGRE_META_5[50Gb] POSTGRE_WAL_6[50Gb] POSTGRE_DATA_1[40Gb] POSTGRE_SO_2;-;Install Postgres DB
cvs1dps65;rhv;eswcd02;postgresql;RH86_Ansible63;datasql;es-work;dev;ES;10.111.17.179,1.51.10.58;rhel-8.6;2024/04/02 - 15:40 CEST;[20Gb] POSTGRE_META_2[50Gb] POSTGRE_WAL_2[50Gb] POSTGRE_DATA_2[40Gb] POSTGRE_SO_4;-;Install Postgres DB
cvs1dps66;rhv;eswcd01;postgresql;RH88_Ansible63;datasql;es-work;dev;ES;10.111.17.67,1.51.10.230;rhel-8.8;2024/05/20 - 15:02 CEST;[20Gb] POSTGRE_META_2[50Gb] POSTGRE_WAL_3[50Gb] POSTGRE_DATA_2[40Gb] POSTGRE_SO_3;-;Install Postgres DB
cvs1dps68;rhv;glwcd01;postgresql;RH88_Ansible63;datasql;es-work;dev;GL;10.111.17.69,1.51.10.232;rhel-8.8;2024/05/21 - 13:25 CEST;[20Gb] POSTGRE_META_8[50Gb] POSTGRE_WAL_2[50Gb] POSTGRE_DATA_2[40Gb] POSTGRE_SO_1;-;Install Postgres DB
cvs1dps69;rhv;eswcd01;postgresql;RH88_Ansible63;datasql;es-work;dev;ES;10.111.17.77,1.51.10.235;rhel-8.8;2024/05/23 - 16:57 CEST;[20Gb] POSTGRE_META_1[50Gb] POSTGRE_WAL_3[50Gb] POSTGRE_DATA_1[40Gb] POSTGRE_SO_2;-;Install Postgres DB
cvs1dps70;rhv;glwcd01;postgresql;RH88_Ansible63;datasql;es-work;dev;GL;10.111.17.78,1.51.10.236;rhel-8.8;2024/05/24 - 12:15 CEST;[20Gb] POSTGRE_META_2[50Gb] POSTGRE_WAL_1[50Gb] POSTGRE_DATA_2[40Gb] POSTGRE_SO_3;-;Install Postgres DB
cvs1dps71;rhv;eswcd04;postgresql;RH88_Ansible63;datasql;es-work;dev;ES;10.111.17.68,1.51.10.231;rhel-8.8;2024/05/30 - 11:44 CEST;[20Gb] POSTGRE_META_3[50Gb] POSTGRE_WAL_7[50Gb] POSTGRE_DATA_3[40Gb] POSTGRE_SO_4;-;Install Postgres DB
cvs1dps72;rhv;eswcd04;postgresql;RH88_Ansible63;datasql;es-work;dev;ES;10.111.17.91,1.51.10.252;rhel-8.8;2024/06/03 - 13:18 CEST;[20Gb] POSTGRE_META_7[50Gb] POSTGRE_WAL_1[50Gb] POSTGRE_DATA_1[40Gb] POSTGRE_SO_1;-;Install Postgres DB
cvs1ips25;rhv;eswci01;postgresql;RH88_Ansible63;datasql;es-work;int;ES;10.111.17.70,1.51.10.233;rhel-8.8;2024/05/21 - 14:02 CEST;[20Gb] POSTGRE_META_1[50Gb] POSTGRE_WAL_3[50Gb] POSTGRE_DATA_3[40Gb] POSTGRE_SO_2;-;Install Postgres DB
cvs1ips26;rhv;eswci03;postgresql;RH88_Ansible63;datasql;es-work;int;ES;10.111.17.71,1.51.10.234;rhel-8.8;2024/05/21 - 14:33 CEST;[20Gb] POSTGRE_META_2[50Gb] POSTGRE_WAL_8[50Gb] POSTGRE_DATA_1[40Gb] POSTGRE_SO_3[100Gb] POSTGRE_LOG_1[25Gb] POSTGRE_LOG_2;-;Install Postgres DB
cvs1ips27;rhv;glwci01;postgresql;RH88_Ansible63;datasql;es-work;int;GL;10.111.17.72,1.51.10.223;rhel-8.8;2024/05/24 - 09:36 CEST;[20Gb] POSTGRE_META_3[50Gb] POSTGRE_WAL_4[50Gb] POSTGRE_DATA_2[40Gb] POSTGRE_SO_4;-;Install Postgres DB
cvs1ips28;rhv;eswci01;postgresql;RH88_Ansible63;datasql;es-work;int;ES;10.111.17.12,1.51.10.56;rhel-8.8;2024/05/27 - 11:13 CEST;[20Gb] POSTGRE_META_3[50Gb] POSTGRE_WAL_5[50Gb] POSTGRE_DATA_3[40Gb] POSTGRE_SO_4;-;Install Postgres DB
cvs1ips29;rhv;glwci01;postgresql;RH88_Ansible63;datasql;es-work;int;GL;10.111.17.14,1.51.10.57;rhel-8.8;2024/05/27 - 12:16 CEST;[20Gb] POSTGRE_META_4[50Gb] POSTGRE_WAL_7[50Gb] POSTGRE_DATA_1[40Gb] POSTGRE_SO_1;-;Install Postgres DB
cvs1ips30;rhv;eswci03;postgresql;RH88_Ansible63;datasql;es-work;int;ES;10.111.17.42,1.51.10.49;rhel-8.8;2024/06/06 - 15:54 CEST;[20Gb] POSTGRE_META_8[50Gb] POSTGRE_WAL_8[50Gb] POSTGRE_DATA_1[40Gb] POSTGRE_SO_2[25Gb] POSTGRE_LOG_2[100Gb] POSTGRE_LOG_2;-;Install Postgres DB
cvs1ops21;rhv;eswco01;postgresql;RH88_Ansible63;datasql;es-work;oct;ES;10.111.17.74,1.51.10.224;rhel-8.8;2024/05/22 - 16:16 CEST;[20Gb] POSTGRE_META_8[50Gb] POSTGRE_WAL_2[50Gb] POSTGRE_DATA_3[40Gb] POSTGRE_SO_1;-;Install Postgres DB
cvs1ops22;rhv;glwco01;postgresql;RH88_Ansible63;datasql;es-work;oct;GL;10.111.17.79,1.51.10.237;rhel-8.8;2024/05/27 - 13:19 CEST;[20Gb] POSTGRE_META_7[50Gb] POSTGRE_WAL_8[50Gb] POSTGRE_DATA_2[40Gb] POSTGRE_SO_2;-;Install Postgres DB
cvs1ops23;rhv;eswco01;postgresql;RH88_Ansible63;datasql;es-work;oct;ES;10.111.17.80,1.51.10.238;rhel-8.8;2024/05/28 - 12:06 CEST;[20Gb] POSTGRE_META_8[50Gb] POSTGRE_WAL_1[50Gb] POSTGRE_DATA_3[40Gb] POSTGRE_SO_3;-;Install Postgres DB
cvs1ops24;rhv;glwco01;postgresql;RH88_Ansible63;datasql;es-work;oct;GL;10.111.17.81,1.51.10.239;rhel-8.8;2024/05/28 - 13:27 CEST;[20Gb] POSTGRE_META_1[50Gb] POSTGRE_WAL_2[50Gb] POSTGRE_DATA_1[40Gb] POSTGRE_SO_4;-;Install Postgres DB
cvs1pps44;rhv;;postgresql;RH86_Ansible63;datasql;es-live;pro;ES;10.51.12.44,1.51.0.22;rhel-8.6;2024/01/09 - 12:27 CEST;[20Gb] POSTGRE_META_5[50Gb] POSTGRE_WAL_4[50Gb] POSTGRE_DATA_3[40Gb] POSTGRE_SO_1[100Gb] POSTGRE_DATA_5[100Gb] POSTGRE_DATA_5;-;Install Postgres DB
cvs1pps45;rhv;;postgresql;RH86_Ansible63;datasql;es-live;pro;ES;10.51.12.51,1.51.0.25;rhel-8.6;2024/01/16 - 18:45 CEST;[20Gb] POSTGRE_META_1[50Gb] POSTGRE_WAL_5[50Gb] POSTGRE_DATA_1[40Gb] POSTGRE_SO_2[100Gb] POSTGRE_DATA_3[100Gb] POSTGRE_DATA_3;-;Install Postgres DB
cvs1pps49;rhv;;postgresql;RH86_Ansible63;datasql;es-live;pro;GL;10.51.12.61,1.51.0.30;rhel-8.6;2024/01/29 - 12:55 CEST;[20Gb] POSTGRE_META_1[50Gb] POSTGRE_WAL_1[50Gb] POSTGRE_DATA_1[40Gb] POSTGRE_SO_2;-;Install Postgres DB
cvs1pps50;rhv;;postgresql;RH86_Ansible63;datasql;es-live;pro;GL;10.51.12.60,1.51.0.29;rhel-8.6;2024/01/29 - 13:17 CEST;[20Gb] POSTGRE_META_5[50Gb] POSTGRE_WAL_5[50Gb] POSTGRE_DATA_2[40Gb] POSTGRE_SO_1;-;Install Postgres DB
cvs1pps52;rhv;;postgresql;RH86_Ansible63;datasql;es-live;pro;ES;10.51.12.67,1.51.0.31;rhel-8.6;2024/01/29 - 14:17 CEST;[20Gb] POSTGRE_META_2[50Gb] POSTGRE_WAL_2[50Gb] POSTGRE_DATA_2[40Gb] POSTGRE_SO_1;-;Install Postgres DB
cvs1pps54;rhv;;postgresql;RH86_Ansible63;datasql;es-live;pro;GL;10.51.12.74,1.51.0.32;rhel-8.6;2024/02/19 - 10:17 CEST;[20Gb] POSTGRE_META_3[50Gb] POSTGRE_WAL_3[50Gb] POSTGRE_DATA_5[40Gb] POSTGRE_SO_2;-;Install Postgres DB
cvs1pps55;rhv;;postgresql;RH86_Ansible63;datasql;es-live;pro;ES;10.51.12.81,1.51.0.33;rhel-8.6;2024/02/19 - 10:22 CEST;[20Gb] POSTGRE_META_4[50Gb] POSTGRE_WAL_4[50Gb] POSTGRE_DATA_1[40Gb] POSTGRE_SO_1;-;Install Postgres DB
cvs1pps57;rhv;;postgresql;RH86_Ansible63;datasql;es-live;pro;GL;10.51.12.82,1.51.0.34;rhel-8.6;2024/02/22 - 00:37 CEST;[20Gb] POSTGRE_META_2[50Gb] POSTGRE_WAL_3[50Gb] POSTGRE_DATA_1[40Gb] POSTGRE_SO_2;-;Install Postgres DB
cvs1pps58;rhv;;postgresql;RH86_Ansible63;datasql;es-live;pro;ES;10.51.12.83,1.51.0.35;rhel-8.6;2024/03/06 - 12:39 CEST;[20Gb] POSTGRE_META_5[50Gb] POSTGRE_WAL_5[50Gb] POSTGRE_DATA_2[40Gb] POSTGRE_SO_1;-;Install Postgres DB
cvs1pps59;rhv;eslcp04;postgresql;RH86_Ansible63;datasql;es-live;pro;ES;10.51.12.12,1.51.0.12;rhel-8.6;2024/04/02 - 15:46 CEST;[20Gb] POSTGRE_META_6[50Gb] POSTGRE_WAL_1[50Gb] POSTGRE_DATA_6[40Gb] POSTGRE_SO_2;-;Install Postgres DB
cvs1pps60;rhv;eslcp01;postgresql;RH88_Ansible63;datasql;es-live;pro;ES;10.51.12.26,1.51.0.13;rhel-8.8;2024/06/17 - 12:20 CEST;[20Gb] POSTGRE_META_7[50Gb] POSTGRE_WAL_2[50Gb] POSTGRE_DATA_6[40Gb] POSTGRE_SO_2[100Gb] POSTGRE_LOG_2[50Gb] POSTGRE_LOG_3[10Gb] POSTGRE_LOG_3[50Gb] POSTGRE_LOG_3;-;Install Postgres DB
cvs1pps61;rhv;eslcp03;postgresql;RH88_Ansible63;datasql;es-live;pro;ES;10.51.12.33,1.51.0.15;rhel-8.8;2024/06/20 - 12:05 CEST;[20Gb] POSTGRE_META_4[50Gb] POSTGRE_WAL_1[50Gb] POSTGRE_DATA_6[40Gb] POSTGRE_SO_1;-;Install Postgres DB
cvs1pps62;rhv;eslcppz01;postgresql;RH88_Ansible63;datasql;es-live;pro;ES;10.51.12.52,1.51.0.16;rhel-8.8;2024/06/20 - 12:50 CEST;[20Gb] POSTGRE_META_6[50Gb] POSTGRE_WAL_2[50Gb] POSTGRE_DATA_2[40Gb] POSTGRE_SO_2;-;Install Postgres DB
cvs1pps63;rhv;eslcp01;postgresql;RH88_Ansible63;datasql;es-live;pro;ES;10.51.12.65,1.51.0.17;rhel-8.8;2024/06/21 - 07:59 CEST;[20Gb] POSTGRE_META_7[50Gb] POSTGRE_WAL_3[50Gb] POSTGRE_DATA_6[40Gb] POSTGRE_SO_1[100Gb] POSTGRE_LOG_3[100Gb] POSTGRE_LOG_3;-;Install Postgres DB
cvs1pps65;rhv;gllcppz01;postgresql;RH88_Ansible63;datasql;es-live;pro;GL;10.51.12.69,1.51.0.19;rhel-8.8;2024/06/24 - 11:41 CEST;[20Gb] POSTGRE_META_2[50Gb] POSTGRE_WAL_1[50Gb] POSTGRE_DATA_6[40Gb] POSTGRE_SO_1;-;Install Postgres DB
cvs1pps66;rhv;gllcppi01;postgresql;RH88_Ansible63;datasql;es-live;pro;GL;10.51.12.71,1.51.0.20;rhel-8.8;2024/06/24 - 12:24 CEST;[20Gb] POSTGRE_META_3[50Gb] POSTGRE_WAL_2[50Gb] POSTGRE_DATA_1[40Gb] POSTGRE_SO_2;-;Install Postgres DB
cvs1pps67;rhv;eslcp03;postgresql;RH88_Ansible63;datasql;es-live;pro;ES;10.51.12.72,1.51.0.23;rhel-8.8;2024/06/24 - 14:18 CEST;[20Gb] POSTGRE_META_4[50Gb] POSTGRE_WAL_3[50Gb] POSTGRE_DATA_2[40Gb] POSTGRE_SO_1;-;Install Postgres DB
cvs1pps68;rhv;gllcp01;postgresql;RH88_Ansible63;datasql;es-live;pro;GL;10.51.12.66,1.51.0.18;rhel-8.8;2024/06/24 - 16:34 CEST;[20Gb] POSTGRE_META_1[50Gb] POSTGRE_WAL_5[50Gb] POSTGRE_DATA_2[40Gb] POSTGRE_SO_2;-;Install Postgres DB
cvs1pps69;rhv;gllcp01;postgresql;RH88_Ansible63;datasql;es-live;pro;GL;10.51.12.84,1.51.0.24;rhel-8.8;2024/06/25 - 13:41 CEST;[20Gb] POSTGRE_META_6[50Gb] POSTGRE_WAL_4[50Gb] POSTGRE_DATA_3[40Gb] POSTGRE_SO_2;-;Install Postgres DB
cvs1rps23;rhv;postgrelab01;postgresql;RH86_Ansible63;datasql;es-work;pre;ES;10.111.17.50,1.51.10.65;rhel-8.6;2024/01/23 - 13:02 CEST;[20Gb] POSTGRE_META_1[50Gb] POSTGRE_WAL_1[50Gb] POSTGRE_DATA_3[40Gb] POSTGRE_SO_4;-;Install Postgres DB
cvs1rps24;rhv;eswct01;postgresql;RH88_Ansible63;datasql;es-work;pre;ES;10.111.17.65,1.51.10.229;rhel-8.8;2024/05/16 - 12:21 CEST;[20Gb] POSTGRE_META_3[50Gb] POSTGRE_WAL_1[50Gb] POSTGRE_DATA_2[40Gb] POSTGRE_SO_4;-;Install Postgres DB
cvs1rps25;rhv;eswct01;postgresql;RH88_Ansible63;datasql;es-work;pre;ES;10.111.17.66,1.51.10.218;rhel-8.8;2024/05/20 - 12:42 CEST;[20Gb] POSTGRE_META_1[50Gb] POSTGRE_WAL_2[50Gb] POSTGRE_DATA_1[40Gb] POSTGRE_SO_4;-;Install Postgres DB
cvs1voa70;rhv;ESWC50;oracvir;RH84_19C_41;datasql;es-work;ora;ES;10.111.17.15,1.51.10.60;rhel-8.4;2022/03/23 - 13:55 CEST;[400Gb] ORA1_BIN_2[40Gb] ORA1_SO_1;-;Instalacion Oracle RAC
cvs1voa71;rhv;ESWC50;oracvir;RH84_19C_41;datasql;es-work;ora;ES;10.111.17.49,1.51.10.61;rhel-8.4;2022/03/23 - 13:55 CEST;[400Gb] ORA1_BIN_2[40Gb] ORA1_SO_1;-;Instalacion Oracle RAC
cvs1voa88;rhv;ESWEM3;oracvir;RH84_Ansible41;datasql;es-work;ora;ES;10.111.17.75,1.51.10.123;rhel-8.4;2022/08/08 - 15:19 CEST;[400Gb] ORA1_BIN_1[40Gb] ORA1_SO_1[10Gb] ORA1_DATA_1[300Gb] ORA1_DATA_1[50Gb] ORA1_FRA_1[100Gb] ORA1_DATA_1[100Gb] ORA1_FRA_1[100Gb] ORA1_FRA_1;-;Instalacion Oracle RAC
cvs1voa89;rhv;ESWC26;oracvir;RH84_Ansible41;datasql;es-work;ora;ES;10.111.17.95,1.51.10.136;rhel-8.4;2022/09/22 - 11:21 CEST;[400Gb] ORA1_BIN_1[40Gb] ORA1_SO_1;-;Instalacion Oracle RAC
cvs1voa90;rhv;ESWC26;oracvir;RH84_Ansible41;datasql;es-work;ora;ES;10.111.17.96,1.51.10.140;rhel-8.4;2022/09/22 - 11:21 CEST;[400Gb] ORA1_BIN_2[40Gb] ORA1_SO_1;-;Instalacion Oracle RAC
cvs1voa91;rhv;eslem2;oracvir;RH84_Ansible41;datasql;es-live;ora;ES;10.51.12.32,1.51.0.21;rhel-8.4;2022/10/05 - 16:39 CEST;[400Gb] ORA1_BIN_2[40Gb] ORA1_SO_1[10Gb] ORA1_DATA_1[300Gb] ORA1_DATA_1[50Gb] ORA1_FRA_1;-;Instalacion Oracle RAC
cvs1voa92;rhv;ESWC53;oracvir;RH84_Ansible41;datasql;es-work;ora;ES;10.111.17.30,1.51.10.52;rhel-8.4;2022/11/22 - 14:49 CEST;[400Gb] ORA1_BIN_1[40Gb] ORA1_SO_1[300Gb] ORA1_FRA_1[100Gb] ORA1_FRA_2;-;Instalacion Oracle RAC
cvs1voa97;rhv;ESWC80;oracvir;RH84_Ansible41;datasql;es-work;ora;ES;10.111.17.155,1.51.10.152;rhel-8.4;2023/09/27 - 17:22 CEST;[400Gb] ORA1_BIN_2[40Gb] ORA1_SO_1;-;Instalacion Oracle RAC
cvs1voa98;rhv;ESWC80;oracvir;RH84_Ansible41;datasql;es-work;ora;ES;10.111.17.156,1.51.10.195;rhel-8.4;2023/09/27 - 17:22 CEST;[400Gb] ORA1_BIN_1[40Gb] ORA1_SO_1;-;Instalacion Oracle RAC
cvs1voa99;rhv;ESWC71;oracvir;RH84_Ansible41;datasql;es-work;ora;ES;10.111.17.157,1.51.10.196;rhel-8.4;2023/10/02 - 09:29 CEST;[400Gb] ORA1_BIN_1[40Gb] ORA1_SO_1;-;Instalacion Oracle RAC
cvs1voaaa;rhv;ESWC71;oracvir;RH84_Ansible41;datasql;es-work;ora;ES;10.111.17.161,1.51.10.197;rhel-8.4;2023/10/02 - 09:29 CEST;[400Gb] ORA1_BIN_2[40Gb] ORA1_SO_1;-;Instalacion Oracle RAC
cvs1voaaq;rhv;ESWC89;oracvir;RH84_Ansible41;datasql;es-work;ora;ES;10.111.17.44,1.51.10.82;rhel-8.4;2024/01/31 - 15:30 CEST;[400Gb] ORA1_BIN_3[40Gb] ORA1_SO_1;-;Instalacion Oracle RAC
cvs1voaar;rhv;ESWC89;oracvir;RH84_Ansible41;datasql;es-work;ora;ES;10.111.17.189,1.51.10.83;rhel-8.4;2024/01/31 - 15:30 CEST;[400Gb] ORA1_BIN_3[40Gb] ORA1_SO_1;-;Instalacion Oracle RAC
cvs1voaas;rhv;ESWC89;oracvir;RH84_Ansible41;datasql;es-work;ora;ES;10.111.17.190,1.51.10.84;rhel-8.4;2024/01/31 - 15:30 CEST;[400Gb] ORA1_BIN_1[40Gb] ORA1_SO_1;-;Instalacion Oracle RAC
cvs1voaav;rhv;ESWC92;oracvir;RH84_Ansible41;datasql;es-work;ora;ES;10.111.17.223,1.51.10.90;rhel-8.4;2024/02/12 - 14:01 CEST;[400Gb] ORA1_BIN_1[40Gb] ORA1_SO_1;-;Instalacion Oracle RAC
cvs1voaaw;rhv;ESWC92;oracvir;RH84_Ansible41;datasql;es-work;ora;ES;10.111.17.224,1.51.10.93;rhel-8.4;2024/02/12 - 14:01 CEST;[400Gb] ORA1_BIN_2[40Gb] ORA1_SO_1;-;Instalacion Oracle RAC
cvs1voaax;rhv;ESWEM4;oracvir;RH84_Ansible41;datasql;es-work;ora;ES;10.111.17.230,1.51.10.95;rhel-8.4;2024/02/19 - 15:08 CEST;[400Gb] ORA1_BIN_3[40Gb] ORA1_SO_1[100Gb] ORA1_FRA_1[100Gb] ORA1_DATA_1[10Gb] ORA1_SO_1[300Gb] ORA1_DATA_7;-;Instalacion Oracle RAC
cvs1voaay;rhv;ESWC90;oracvir;RH84_Ansible41;datasql;es-work;ora;ES;10.111.17.11,1.51.10.42;rhel-8.4;2024/03/04 - 15:59 CEST;[400Gb] ORA1_BIN_2[40Gb] ORA1_SO_1;-;Instalacion Oracle RAC
cvs1voaaz;rhv;ESWC90;oracvir;RH84_Ansible41;datasql;es-work;ora;ES;10.111.17.13,1.51.10.68;rhel-8.4;2024/03/04 - 15:59 CEST;[400Gb] ORA1_BIN_2[40Gb] ORA1_SO_1;-;Instalacion Oracle RAC
cvs1voaba;rhv;ESWC52;oracvir;RH84_Ansible41;datasql;es-work;ora;ES;10.111.17.36,1.51.10.70;rhel-8.4;2024/03/06 - 09:35 CEST;[400Gb] ORA1_BIN_2[40Gb] ORA1_SO_1;-;Instalacion Oracle RAC
cvs1voabb;rhv;ESWC52;oracvir;RH84_Ansible41;datasql;es-work;ora;ES;10.111.17.40,1.51.10.87;rhel-8.4;2024/03/06 - 09:35 CEST;[400Gb] ORA1_BIN_2[40Gb] ORA1_SO_1;-;Instalacion Oracle RAC
cvs1voabc;rhv;ESWC91;oracvir;RH84_Ansible41;datasql;es-work;ora;ES;10.111.17.84,1.51.10.96;rhel-8.4;2024/03/06 - 11:12 CEST;[400Gb] ORA1_BIN_2[40Gb] ORA1_SO_1;-;Instalacion Oracle RAC
cvs1voabd;rhv;ESWC91;oracvir;RH84_Ansible41;datasql;es-work;ora;ES;10.111.17.85,1.51.10.97;rhel-8.4;2024/03/06 - 11:12 CEST;[400Gb] ORA1_BIN_1[40Gb] ORA1_SO_1;-;Instalacion Oracle RAC
cvs1voabe;rhv;ESWC93;oracvir;RH84_Ansible41;datasql;es-work;ora;ES;10.111.17.232,1.51.10.98;rhel-8.4;2024/03/07 - 09:23 CEST;[400Gb] ORA1_BIN_2[40Gb] ORA1_SO_1;-;Instalacion Oracle RAC
cvs1voabf;rhv;ESWC93;oracvir;RH84_Ansible41;datasql;es-work;ora;ES;10.111.17.233,1.51.10.99;rhel-8.4;2024/03/07 - 09:23 CEST;[400Gb] ORA1_BIN_1[40Gb] ORA1_SO_1;-;Instalacion Oracle RAC
cvs1voabg;rhv;GLWC92;oracvir;RH84_Ansible41;datasql;es-work;ora;GL;10.111.17.234,1.51.10.100;rhel-8.4;2024/03/07 - 12:58 CEST;[400Gb] ORA1_BIN_2[40Gb] ORA1_SO_1;-;Instalacion Oracle RAC
cvs1voabh;rhv;GLWC92;oracvir;RH84_Ansible41;datasql;es-work;ora;GL;10.111.17.235,1.51.10.101;rhel-8.4;2024/03/07 - 12:58 CEST;[400Gb] ORA1_BIN_3[40Gb] ORA1_SO_1;-;Instalacion Oracle RAC
cvs1voabi;rhv;GLWC93;oracvir;RH84_Ansible41;datasql;es-work;ora;GL;10.111.17.236,1.51.10.102;rhel-8.4;2024/03/07 - 13:16 CEST;[400Gb] ORA1_BIN_1[40Gb] ORA1_SO_1;-;Instalacion Oracle RAC
cvs1voabj;rhv;GLWC93;oracvir;RH84_Ansible41;datasql;es-work;ora;GL;10.111.17.237,1.51.10.103;rhel-8.4;2024/03/07 - 13:16 CEST;[400Gb] ORA1_BIN_2[40Gb] ORA1_SO_1;-;Instalacion Oracle RAC
cvs1voabk;rhv;ESWC95;oracvir;RH84_Ansible41;datasql;es-work;ora;ES;10.111.17.253,1.51.10.227;rhel-8.4;2024/04/01 - 15:20 CEST;[400Gb] ORA1_BIN_3[40Gb] ORA1_SO_1;-;Instalacion Oracle RAC
cvs1voabl;rhv;ESWC95;oracvir;RH84_Ansible41;datasql;es-work;ora;ES;10.111.17.254,1.51.10.228;rhel-8.4;2024/04/01 - 15:39 CEST;[400Gb] ORA1_BIN_1[40Gb] ORA1_SO_1;-;Instalacion Oracle RAC
cvs1voabm;rhv;GLWC94;oracvir;RH84_Ansible41;datasql;es-work;ora;ES;10.111.17.23,1.51.10.124;rhel-8.4;2024/05/13 - 23:30 CEST;[400Gb] ORA1_BIN_1[40Gb] ORA1_SO_1;-;Instalacion Oracle RAC
cvs1voabn;rhv;GLWC94;oracvir;RH84_Ansible41;datasql;es-work;ora;ES;10.111.17.24,1.51.10.139;rhel-8.4;2024/05/13 - 23:30 CEST;[400Gb] ORA1_BIN_1[40Gb] ORA1_SO_1;-;Instalacion Oracle RAC
cvs1voabo;rhv;GLWC95;oracvir;RH84_Ansible41;datasql;es-work;ora;ES;10.111.17.25,1.51.10.219;rhel-8.4;2024/05/13 - 23:54 CEST;[400Gb] ORA1_BIN_2[40Gb] ORA1_SO_1;-;Instalacion Oracle RAC
cvs1voabp;rhv;GLWC95;oracvir;RH84_Ansible41;datasql;es-work;ora;ES;10.111.17.26,1.51.10.220;rhel-8.4;2024/05/13 - 23:54 CEST;[400Gb] ORA1_BIN_3[40Gb] ORA1_SO_1;-;Instalacion Oracle RAC
cvs1voabq;rhv;ESWC94;oracvir;RH84_Ansible41;datasql;es-work;ora;ES;10.111.17.27,1.51.10.221;rhel-8.4;2024/05/14 - 00:13 CEST;[400Gb] ORA1_BIN_1[40Gb] ORA1_SO_1;-;Instalacion Oracle RAC
cvs1voabr;rhv;ESWC94;oracvir;RH84_Ansible41;datasql;es-work;ora;ES;10.111.17.28,1.51.10.222;rhel-8.4;2024/05/14 - 00:13 CEST;[400Gb] ORA1_BIN_2[40Gb] ORA1_SO_1;-;Instalacion Oracle RAC
cvs1voabs;rhv;ESWC96;oracvir;RH84_Ansible41;datasql;es-work;ora;ES;10.111.17.47,1.51.10.63;rhel-8.4;2024/06/05 - 12:27 CEST;[400Gb] ORA1_BIN_3[40Gb] ORA1_SO_1;-;Instalacion Oracle RAC
cvs1voabt;rhv;ESWC96;oracvir;RH84_Ansible41;datasql;es-work;ora;ES;10.111.17.48,1.51.10.64;rhel-8.4;2024/06/05 - 12:27 CEST;[400Gb] ORA1_BIN_3[40Gb] ORA1_SO_1;-;Instalacion Oracle RAC
cvs1voabu;rhv;ESWC96;oracvir;RH84_Ansible41;datasql;es-work;ora;ES;10.111.17.57,1.51.11.7;rhel-8.4;2024/06/05 - 12:27 CEST;[400Gb] ORA1_BIN_3[40Gb] ORA1_SO_1;-;Instalacion Oracle RAC
cvs1voabv;rhv;ESWC54;oracvir;RH84_Ansible41;datasql;es-work;ora;ES;10.111.17.29,1.51.10.39;rhel-8.4;2024/07/08 - 09:43 CEST;[400Gb] ORA1_BIN_3[40Gb] ORA1_SO_1;-;Instalacion Oracle RAC
cvs1voabw;rhv;ESWC54;oracvir;RH84_Ansible41;datasql;es-work;ora;ES;10.111.17.41,1.51.10.44;rhel-8.4;2024/07/08 - 09:43 CEST;[400Gb] ORA1_BIN_3[40Gb] ORA1_SO_1;-;Instalacion Oracle RAC